Date,Log Return
2001/4/3,-0.002218454
2001/4/4,-0.016073995
2001/4/5,0.010928464
2001/4/6,-0.001855987
2001/4/9,0.004500575
2001/4/10,0.004669305
2001/4/11,0.000946334
2001/4/12,0.001541524
2001/4/13,0.004673902
2001/4/16,0.01035143
2001/4/17,0.00290116
2001/4/18,-0.003444754
2001/4/19,-0.001202357
2001/4/20,-0.009706481
2001/4/23,-0.002458455
2001/4/24,0.005725602
2001/4/25,-0.019783455
2001/4/26,-0.006291687
2001/4/27,0.005047441
2001/4/30,0.001870509
2001/5/8,0.008845635
2001/5/9,-0.001391998
2001/5/10,0.005047864
2001/5/11,0.00352089
2001/5/14,0.00922561
2001/5/15,0.004452439
2001/5/16,0.003607328
2001/5/17,-0.003664549
2001/5/18,0.004633441
2001/5/21,0.003942471
2001/5/22,-0.001431917
2001/5/23,-0.005761187
2001/5/24,5.11E-05
2001/5/25,-0.002393645
2001/5/28,-0.006671317
2001/5/29,0.001797128
2001/5/30,0.012324342
2001/5/31,0.00066528
2001/6/1,0.002202547
2001/6/4,0.003448536
2001/6/5,0.003301162
2001/6/6,0.001599321
2001/6/7,-0.003623126
2001/6/8,-0.002054894
2001/6/11,-0.001103365
2001/6/12,0.005446207
2001/6/13,0.00786829
2001/6/14,-0.01771427
2001/6/15,0.005370777
2001/6/18,-0.019265183
2001/6/19,0.002058618
2001/6/20,-0.004201757
2001/6/21,0.011112371
2001/6/22,0.007250717
2001/6/25,0.009104981
2001/6/26,0.0016656
2001/6/27,-0.001326055
2001/6/28,-0.004813146
2001/6/29,-0.000346745
2001/7/2,-0.005291782
2001/7/3,0.002121264
2001/7/4,-0.002946702
2001/7/5,-0.009008475
2001/7/6,-0.005078098
2001/7/9,0.000281308
2001/7/10,0.009261844
2001/7/11,-0.009414243
2001/7/12,-0.001346786
2001/7/13,-0.001793411
2001/7/16,-0.006800784
2001/7/17,-0.002867559
2001/7/18,0.002897035
2001/7/19,0.002396691
2001/7/20,0.013220644
2001/7/23,-0.003324598
2001/7/24,-0.014852905
2001/7/25,-0.010804478
2001/7/26,-0.011495495
2001/7/27,-0.014291693
2001/7/30,-0.056794227
2001/7/31,-0.019582402
2001/8/1,0.035347249
2001/8/2,-0.014818944
2001/8/3,0.001320523
2001/8/6,-0.038537359
2001/8/7,0.012848619
2001/8/8,-0.003933012
2001/8/9,0.017196081
2001/8/10,0.01471499
2001/8/13,0.00171397
2001/8/14,-0.009756788
2001/8/15,0.00463443
2001/8/16,-0.013589255
2001/8/17,0.000654753
2001/8/20,0.006292377
2001/8/21,0.004646984
2001/8/22,-0.01646525
2001/8/23,0.001160761
2001/8/24,-0.009713172
2001/8/27,-0.033505771
2001/8/28,0.009457042
2001/8/29,0.002952886
2001/8/30,-0.00707994
2001/8/31,-0.001048476
2001/9/3,-0.008664849
2001/9/4,0.025309244
2001/9/5,0.002612278
2001/9/6,-0.003679497
2001/9/7,-0.030836013
2001/9/10,0.026152782
2001/9/11,0.001851307
2001/9/12,-0.011645627
2001/9/13,-0.004518073
2001/9/14,-0.013524962
2001/9/17,-0.020426161
2001/9/18,0.007751588
2001/9/19,0.013550637
2001/9/20,-0.003376366
2001/9/21,-0.007313873
2001/9/24,-0.007328803
2001/9/25,-0.001512336
2001/9/26,-0.01504859
2001/9/27,-0.002650165
2001/9/28,-0.00141619
2001/10/8,-0.024585634
2001/10/9,0.010234697
2001/10/10,-0.037870006
2001/10/11,-0.029984883
2001/10/12,0.031150076
2001/10/15,-0.001346587
2001/10/16,-0.018438596
2001/10/17,-0.007840865
2001/10/18,-0.01774889
2001/10/19,-0.031449728
2001/10/22,-0.03267313
2001/10/23,0.092970425
2001/10/24,0.036145396
2001/10/25,-0.02573857
2001/10/26,-0.000479201
2001/10/29,0.015016359
2001/10/30,-0.010422203
2001/10/31,0.003298649
2001/11/1,0.010800743
2001/11/2,-0.009142013
2001/11/5,-0.0092534
2001/11/6,-0.00469556
2001/11/7,-0.052837862
2001/11/8,0.0101835
2001/11/9,0.017497883
2001/11/12,-0.006307425
2001/11/13,-0.005191712
2001/11/14,0.001500668
2001/11/15,0.001858247
2001/11/16,0.016417184
2001/11/19,0.014521464
2001/11/20,0.019696345
2001/11/21,0.005350702
2001/11/22,0.007756208
2001/11/23,-0.002868427
2001/11/26,-0.004102234
2001/11/27,0.011470013
2001/11/28,0.008772873
2001/11/29,-0.000522594
2001/11/30,0.009192299
2001/12/3,0.008676974
2001/12/4,0.004695718
2001/12/5,-0.017454676
2001/12/6,0.005890822
2001/12/7,-0.002085427
2001/12/10,0.000792373
2001/12/11,-0.011382065
2001/12/12,-0.009468502
2001/12/13,-0.016506247
2001/12/14,-0.008234574
2001/12/17,-0.006462472
2001/12/18,0.014647845
2001/12/19,-0.009685804
2001/12/20,-0.025424197
2001/12/21,0.00594146
2001/12/24,-0.02033667
2001/12/25,0.002567429
2001/12/26,0.012579558
2001/12/27,-0.005047436
2001/12/28,0.004953893
2001/12/31,0.003395572
2002/1/4,-0.019888682
2002/1/7,-0.01144665
2002/1/8,-0.008368231
2002/1/9,-0.018473474
2002/1/10,0.008937733
2002/1/11,-0.028212444
2002/1/14,-0.038155594
2002/1/15,-0.019569419
2002/1/16,0.011863976
2002/1/17,-0.049712334
2002/1/18,-0.006508759
2002/1/21,-0.044338431
2002/1/22,-0.006543547
2002/1/23,0.066841966
2002/1/24,0.008979271
2002/1/25,0.001073928
2002/1/28,-0.069651291
2002/1/29,0.027625878
2002/1/30,0.007516231
2002/1/31,0.068692742
2002/2/1,-0.002703689
2002/2/4,0.02008907
2002/2/5,0.005236421
2002/2/6,-0.026405461
2002/2/7,0.022356804
2002/2/8,-0.004369821
2002/2/25,0.018763828
2002/2/26,0.002119256
2002/2/27,0.003531087
2002/2/28,-0.009231023
2002/3/1,-0.016642676
2002/3/4,0.018077491
2002/3/5,0.024768687
2002/3/6,0.009155405
2002/3/7,0.031841628
2002/3/8,0.018357336
2002/3/11,0.019965912
2002/3/12,-0.014667823
2002/3/13,-0.016260235
2002/3/14,0.029070457
2002/3/15,-0.029012212
2002/3/18,0.002628206
2002/3/19,0.024522452
2002/3/20,0.010956699
2002/3/21,0.001845366
2002/3/22,-0.009998426
2002/3/25,0.004758176
2002/3/26,-0.016234889
2002/3/27,0.004313989
2002/3/28,-0.000672695
2002/3/29,-0.030799861
2002/4/1,0.004595506
2002/4/2,-0.017169886
2002/4/3,0.005048293
2002/4/4,0.028285531
2002/4/5,-0.003588276
2002/4/8,0.002394566
2002/4/9,0.01873479
2002/4/10,0.006248886
2002/4/11,-0.017176159
2002/4/12,0.005432897
2002/4/15,-0.004230404
2002/4/16,-0.002890954
2002/4/17,0.000617668
2002/4/18,-0.011433211
2002/4/19,0.003245197
2002/4/22,-0.004588324
2002/4/23,-0.002965871
2002/4/24,-0.009461531
2002/4/25,0.003364216
2002/4/26,0.016861898
2002/4/29,0.017101302
2002/4/30,0.002124544
2002/5/8,-0.008424621
2002/5/9,0.001690711
2002/5/10,-0.007995343
2002/5/13,-0.009310572
2002/5/14,-0.004380685
2002/5/15,-0.010895693
2002/5/16,-0.03389626
2002/5/17,0.011808239
2002/5/20,-0.014378548
2002/5/21,0.033438481
2002/5/22,-0.015292944
2002/5/23,0.004849836
2002/5/24,-0.014654958
2002/5/27,0.004650328
2002/5/28,0.002102002
2002/5/29,-0.022459093
2002/5/30,-0.00059163
2002/5/31,-0.006249897
2002/6/3,-0.023632733
2002/6/4,0.005392624
2002/6/5,-0.023693103
2002/6/6,0.043451531
2002/6/7,0.00809878
2002/6/10,-0.008386603
2002/6/11,0.009013743
2002/6/12,-0.004770571
2002/6/13,-0.010218887
2002/6/14,-0.01297817
2002/6/17,0.001994925
2002/6/18,0.022050882
2002/6/19,-0.011199376
2002/6/20,0.007440738
2002/6/21,0.035772403
2002/6/24,0.088364846
2002/6/25,-0.007257414
2002/6/26,0.005816331
2002/6/27,0.001085388
2002/6/28,-0.001347648
2002/7/1,-0.009933295
2002/7/2,0.008755414
2002/7/3,0.002141149
2002/7/4,-0.010165532
2002/7/5,0.004269419
2002/7/8,0.007636546
2002/7/9,-0.003624655
2002/7/10,-0.016909659
2002/7/11,0.000149542
2002/7/12,0.000809241
2002/7/15,-0.007012067
2002/7/16,0.001557078
2002/7/17,0.006952247
2002/7/18,0.00223594
2002/7/19,0.004721723
2002/7/22,-0.016023199
2002/7/23,-0.003934922
2002/7/24,-0.002125468
2002/7/25,-0.004845921
2002/7/26,-0.003008126
2002/7/29,0.005021008
2002/7/30,0.001771682
2002/7/31,-0.009936365
2002/8/1,0.000586873
2002/8/2,0.00403077
2002/8/5,-0.003959875
2002/8/6,0.009921346
2002/8/7,-0.001825271
2002/8/8,-0.005329735
2002/8/9,-0.007302874
2002/8/12,-0.007393433
2002/8/13,0.001363191
2002/8/14,0.007170851
2002/8/15,-0.007470351
2002/8/16,0.006539042
2002/8/19,-0.002656519
2002/8/20,0.01486236
2002/8/21,0.001343766
2002/8/22,0.009073285
2002/8/23,-0.002312207
2002/8/26,-0.007059956
2002/8/27,0.006696477
2002/8/28,-0.002062048
2002/8/29,-0.006952985
2002/8/30,8.46E-05
2002/9/2,0.001907968
2002/9/3,0.003336462
2002/9/4,-0.0058211
2002/9/5,-0.012969637
2002/9/6,-0.005756245
2002/9/9,-0.007608071
2002/9/10,0.001931062
2002/9/11,-0.003197776
2002/9/12,0.003640318
2002/9/13,-0.001069376
2002/9/16,-0.014883967
2002/9/17,-0.000239953
2002/9/18,-0.006485009
2002/9/19,0.017737002
2002/9/20,-0.009869884
2002/9/23,-0.000796361
2002/9/24,-0.004844645
2002/9/25,-2.92E-05
2002/9/26,-0.007471149
2002/9/27,-0.005126383
2002/10/8,-0.009961394
2002/10/9,-0.019667846
2002/10/10,-0.00434848
2002/10/11,-0.004416404
2002/10/14,0.004704708
2002/10/15,-0.003926778
2002/10/16,0.008739643
2002/10/17,-0.01690334
2002/10/18,0.003481298
2002/10/21,0.003269762
2002/10/22,0.015141802
2002/10/23,0.00125325
2002/10/24,-0.008866453
2002/10/25,-0.011652644
2002/10/28,-0.013396562
2002/10/29,0.006261053
2002/10/30,-0.001639955
2002/10/31,-0.001301913
2002/11/1,0.00068314
2002/11/4,0.015266895
2002/11/5,0.017512392
2002/11/6,-0.004135963
2002/11/7,-0.001156661
2002/11/8,-0.025436742
2002/11/11,-0.01129961
2002/11/12,-0.019662799
2002/11/13,0.002911672
2002/11/14,-0.021752113
2002/11/15,0.003445312
2002/11/18,-0.010825132
2002/11/19,0.009128743
2002/11/20,-0.028118164
2002/11/21,-0.029571609
2002/11/22,0.002463184
2002/11/25,0.003765104
2002/11/26,-0.022834593
2002/11/27,0.006318885
2002/11/28,0.029737949
2002/11/29,0.014025633
2002/12/2,-0.030993588
2002/12/3,0.011539259
2002/12/4,0.004715353
2002/12/5,-0.006474456
2002/12/6,-0.00020006
2002/12/9,-0.003618632
2002/12/10,-0.014247276
2002/12/11,-0.0041579
2002/12/12,0.005808138
2002/12/13,0.01197768
2002/12/16,0.008884612
2002/12/17,0.007437777
2002/12/18,-0.004707817
2002/12/19,0.001971174
2002/12/20,0.011504135
2002/12/23,0.001298538
2002/12/24,0.001463703
2002/12/25,-0.00723548
2002/12/26,-0.031350977
2002/12/27,6.69E-05
2002/12/30,-0.011711888
2002/12/31,-0.007977806
2003/1/2,-0.024613732
2003/1/3,0.000862418
2003/1/6,0.012988378
2003/1/7,-0.002353957
2003/1/8,0.027495168
2003/1/9,0.019093003
2003/1/10,-0.009755262
2003/1/13,0.003144541
2003/1/14,0.04929114
2003/1/15,-0.005062917
2003/1/16,0.018569773
2003/1/17,-0.00532194
2003/1/20,0.003947037
2003/1/21,-0.019069305
2003/1/22,0.004800052
2003/1/23,-0.008592737
2003/1/24,0.015050523
2003/1/27,0.012838442
2003/1/28,0.002947062
2003/1/29,-0.001294009
2003/2/10,-0.012747594
2003/2/11,0.010786744
2003/2/12,0.012179868
2003/2/13,-0.003826876
2003/2/14,0.004303365
2003/2/17,-0.007575142
2003/2/18,0.000315482
2003/2/19,0.009215968
2003/2/20,-0.001775495
2003/2/21,-0.021401507
2003/2/24,0.001208146
2003/2/25,0.020428904
2003/2/26,0.000596003
2003/2/27,-0.000727435
2003/2/28,-0.00102406
2003/3/3,0.008060173
2003/3/4,-0.000344299
2003/3/5,-0.004639361
2003/3/6,-0.013977203
2003/3/7,-0.003427568
2003/3/10,-0.018853918
2003/3/11,0.000526096
2003/3/12,0.003742081
2003/3/13,-0.006284759
2003/3/14,0.001720289
2003/3/17,-0.000704944
2003/3/18,-0.007424649
2003/3/19,0.003249567
2003/3/20,-0.003907475
2003/3/21,0.009303583
2003/3/24,0.001650215
2003/3/25,-0.011387461
2003/3/26,-0.005640336
2003/3/27,0.026327447
2003/3/28,-0.004040495
2003/3/31,0.010859083
2003/4/1,0.007166427
2003/4/2,-0.001066853
2003/4/3,-0.004407154
2003/4/4,0.00439032
2003/4/7,-0.007896699
2003/4/8,-0.002161003
2003/4/9,0.011252008
2003/4/10,0.006980897
2003/4/11,0.013533212
2003/4/14,0.024352044
2003/4/15,0.010546755
2003/4/16,-0.013939237
2003/4/17,0.005073553
2003/4/18,-0.003096319
2003/4/21,-0.017298424
2003/4/22,-0.000960889
2003/4/23,-0.014857628
2003/4/24,-0.02729219
2003/4/25,-0.012974119
2003/4/28,0.025171691
2003/4/29,-0.01789151
2003/4/30,0.001566398
2003/5/12,-0.00069021
2003/5/13,-0.032745364
2003/5/14,0.022061165
2003/5/15,0.025521614
2003/5/16,0.000586417
2003/5/19,0.005098823
2003/5/20,-0.010992678
2003/5/21,-0.000440348
2003/5/22,0.006791345
2003/5/23,0.009276885
2003/5/26,0.006476485
2003/5/27,0.002555422
2003/5/28,-0.008291106
2003/5/29,0.011388528
2003/5/30,0.0064054
2003/6/2,0.002265868
2003/6/3,-0.010738318
2003/6/4,0.003460515
2003/6/5,-0.010875767
2003/6/6,-0.012532975
2003/6/9,-0.010564654
2003/6/10,0.00649626
2003/6/11,0.016576674
2003/6/12,-0.001969962
2003/6/13,0.004177044
2003/6/16,-0.003265736
2003/6/17,-0.003326041
2003/6/18,-0.001395866
2003/6/19,-0.010766615
2003/6/20,-0.005172536
2003/6/23,-0.011790247
2003/6/24,0.00237772
2003/6/25,-0.007828743
2003/6/26,0.006670847
2003/6/27,-0.014114834
2003/6/30,-0.007461071
2003/7/1,-0.002655983
2003/7/2,0.007542077
2003/7/3,0.003325825
2003/7/4,-0.001233195
2003/7/7,-0.000897726
2003/7/8,0.00801931
2003/7/9,-0.006154272
2003/7/10,0.016945876
2003/7/11,-0.001685141
2003/7/14,-0.004351042
2003/7/15,0.001170082
2003/7/16,0.003018584
2003/7/17,0.003807779
2003/7/18,-0.021647134
2003/7/21,-0.010953628
2003/7/22,0.004670595
2003/7/23,0.004277066
2003/7/24,-0.00778598
2003/7/25,-0.011284882
2003/7/28,-0.005719112
2003/7/29,0.005128272
2003/7/30,8.26E-05
2003/7/31,-0.000202885
2003/8/1,0.001405347
2003/8/4,0.012344222
2003/8/5,0.000477864
2003/8/6,-0.002937258
2003/8/7,-0.00015641
2003/8/8,-0.011729865
2003/8/11,0.003432248
2003/8/12,0.004401596
2003/8/13,-0.01079289
2003/8/14,-0.005265608
2003/8/15,-0.001656683
2003/8/18,-0.002677485
2003/8/19,0.003219266
2003/8/20,-0.004611914
2003/8/21,-0.000646264
2003/8/22,-0.001086398
2003/8/25,-0.013214556
2003/8/26,0.002692352
2003/8/27,-0.000344145
2003/8/28,-0.007974802
2003/8/29,0.004463043
2003/9/1,0.019967083
2003/9/2,-0.001401048
2003/9/3,0.002449047
2003/9/4,-0.001298024
2003/9/5,-0.011584816
2003/9/8,-0.00432508
2003/9/9,-0.003269394
2003/9/10,0.001571452
2003/9/11,-0.000228297
2003/9/12,-0.013254498
2003/9/15,-0.010918734
2003/9/16,0.008510729
2003/9/17,-0.011647824
2003/9/18,-2.56E-06
2003/9/19,0.001337499
2003/9/22,-0.0040557
2003/9/23,0.006212903
2003/9/24,0.00354581
2003/9/25,-0.014034149
2003/9/26,-0.005525389
2003/9/29,-0.014810847
2003/9/30,0.007724556
2003/10/8,0.003544604
2003/10/9,-0.002375349
2003/10/10,0.023716212
2003/10/13,-0.002949736
2003/10/14,-0.008102989
2003/10/15,-0.00312942
2003/10/16,-0.013740795
2003/10/17,0.001981841
2003/10/20,-0.009302549
2003/10/21,0.001909048
2003/10/22,0.022501778
2003/10/23,-0.008543619
2003/10/24,-0.006113629
2003/10/27,-0.013244645
2003/10/28,-0.005167242
2003/10/29,-0.014667591
2003/10/30,-0.013662626
2003/10/31,0.004690434
2003/11/3,0.009071205
2003/11/4,0.01712466
2003/11/5,-0.009530846
2003/11/6,-0.025137956
2003/11/7,-0.014116182
2003/11/10,0.000710689
2003/11/11,0.003053607
2003/11/12,-0.018774618
2003/11/13,0.002912791
2003/11/14,0.009132913
2003/11/17,-0.002802734
2003/11/18,-0.012763073
2003/11/19,0.01739824
2003/11/20,0.032321632
2003/11/21,-0.014034603
2003/11/24,0.030129338
2003/11/25,0.006737751
2003/11/26,0.003115099
2003/11/27,-0.018980183
2003/11/28,0.005488545
2003/12/1,0.022141679
2003/12/2,0.001262239
2003/12/3,0.004021816
2003/12/4,0.005507519
2003/12/5,0.001176477
2003/12/8,-0.011093139
2003/12/9,0.003852157
2003/12/10,0.011887378
2003/12/11,0.000753981
2003/12/12,-0.000885594
2003/12/15,0.000844391
2003/12/16,-0.006852772
2003/12/17,-0.008199581
2003/12/18,-0.003612224
2003/12/19,-0.01862494
2003/12/22,0.026006433
2003/12/23,0.006104726
2003/12/24,0.008068787
2003/12/25,-0.001176929
2003/12/26,0.001174481
2003/12/29,-0.00883479
2003/12/30,0.004442921
2003/12/31,-0.008786596
2004/1/2,0.007045402
2004/1/5,0.019368808
2004/1/6,0.00404093
2004/1/7,0.010591873
2004/1/8,0.016065445
2004/1/9,-0.011427799
2004/1/12,0.017428907
2004/1/13,0.004936734
2004/1/14,-0.007397979
2004/1/15,-0.003767755
2004/1/16,0.00985285
2004/1/29,0.025156997
2004/1/30,-0.017846898
2004/2/2,0.022728989
2004/2/3,0.012990065
2004/2/4,0.021130171
2004/2/5,0.008933278
2004/2/6,-0.009894672
2004/2/9,0.018825254
2004/2/10,-0.00070884
2004/2/11,-0.000555132
2004/2/12,-0.001773237
2004/2/13,-0.00810113
2004/2/16,0.022838303
2004/2/17,0.008823325
2004/2/18,0.007394666
2004/2/19,0.001093308
2004/2/20,0.004574608
2004/2/23,-0.020905039
2004/2/24,-0.005995703
2004/2/25,-0.02041549
2004/2/26,-0.00124938
2004/2/27,0.014254159
2004/3/1,0.01242775
2004/3/2,-0.00114855
2004/3/3,-0.016405508
2004/3/4,0.006233064
2004/3/5,-0.006512069
2004/3/8,-0.022568922
2004/3/9,-0.005588131
2004/3/10,0.023289445
2004/3/11,0.011045065
2004/3/12,-0.001171979
2004/3/15,0.020543976
2004/3/16,0.005844669
2004/3/17,0.001663456
2004/3/18,-0.017398831
2004/3/19,0.01585635
2004/3/22,0.005598189
2004/3/23,-0.004578685
2004/3/24,-0.001568584
2004/3/25,0.00036503
2004/3/26,0.000629945
2004/3/29,-0.008159586
2004/3/30,0.002694513
2004/3/31,0.011005561
2004/4/1,0.008413754
2004/4/2,0.007079679
2004/4/5,0.004121195
2004/4/6,0.008517872
2004/4/7,-0.001463713
2004/4/8,-0.00182752
2004/4/9,-0.024597924
2004/4/12,0.000645177
2004/4/13,-0.004769297
2004/4/14,-0.015925993
2004/4/15,-0.013005455
2004/4/16,0.004927661
2004/4/19,-0.011919062
2004/4/20,-0.006379821
2004/4/21,-0.007660474
2004/4/22,0.005338232
2004/4/23,-0.017785071
2004/4/26,-0.002171714
2004/4/27,-0.01372718
2004/4/28,-0.002262028
2004/4/29,-0.020026845
2004/4/30,0.003136301
2004/5/10,-0.023259272
2004/5/11,0.003693876
2004/5/12,0.025020724
2004/5/13,-0.003701934
2004/5/14,-0.021531867
2004/5/17,-0.007699287
2004/5/18,0.013367216
2004/5/19,0.000812976
2004/5/20,-0.007849902
2004/5/21,0.004715224
2004/5/24,-0.00795523
2004/5/25,-0.024485047
2004/5/26,0.002923152
2004/5/27,0.022854852
2004/5/28,-0.005451394
2004/5/31,0.004281812
2004/6/1,0.017999984
2004/6/2,-0.005573576
2004/6/3,-0.016836024
2004/6/4,-0.000166292
2004/6/7,-0.015295577
2004/6/8,-0.012235642
2004/6/9,-0.024091448
2004/6/10,-0.002849675
2004/6/11,0.002671301
2004/6/14,-0.025958005
2004/6/15,0.018265205
2004/6/16,0.005203383
2004/6/17,-0.020411903
2004/6/18,-0.008249294
2004/6/21,0.009500847
2004/6/22,0.010637918
2004/6/23,-0.008701035
2004/6/24,-0.007223655
2004/6/25,-0.022430347
2004/6/28,-0.01729698
2004/6/29,0.010177783
2004/6/30,-0.009690847
2004/7/1,0.031650611
2004/7/2,0.000209352
2004/7/5,0.000723224
2004/7/6,0.005663156
2004/7/7,-0.010063001
2004/7/8,0.002033285
2004/7/9,-0.006684601
2004/7/12,-0.02686147
2004/7/13,0.00211692
2004/7/14,-0.003804314
2004/7/15,0.010936442
2004/7/16,0.027974337
2004/7/19,0.001664828
2004/7/20,-0.006264821
2004/7/21,-0.000151022
2004/7/22,-0.025576493
2004/7/23,0.004507994
2004/7/26,-0.015155921
2004/7/27,-0.006016481
2004/7/28,0.006706955
2004/7/29,0.013712584
2004/7/30,-0.016283035
2004/8/2,-0.009322523
2004/8/3,-0.003324923
2004/8/4,0.026077704
2004/8/5,-0.012436239
2004/8/6,-0.00233946
2004/8/9,0.000717646
2004/8/10,0.004397916
2004/8/11,-0.01315684
2004/8/12,-0.014913052
2004/8/13,0.0018142
2004/8/16,-0.014347224
2004/8/17,0.00230668
2004/8/18,-0.003090827
2004/8/19,-0.016787962
2004/8/20,0.000373707
2004/8/23,-0.010344389
2004/8/24,0.016172295
2004/8/25,-0.004273215
2004/8/26,-0.00724883
2004/8/27,-0.010422134
2004/8/30,0.000871486
2004/8/31,0.019243516
2004/9/1,-0.015822623
2004/9/2,0.010395455
2004/9/3,-0.001431469
2004/9/6,-0.002272402
2004/9/7,0.001449408
2004/9/8,-0.007756391
2004/9/9,-0.02010996
2004/9/10,0.001759025
2004/9/13,-0.023896693
2004/9/14,0.031515764
2004/9/15,0.044912951
2004/9/16,0.012767033
2004/9/17,0.03149845
2004/9/20,0.036575845
2004/9/21,-0.005114018
2004/9/22,-0.019610049
2004/9/23,0.029283209
2004/9/24,-0.023525879
2004/9/27,-0.010351473
2004/9/28,0.00743877
2004/9/29,-0.011130144
2004/9/30,-0.016283553
2004/10/8,0.025793646
2004/10/11,-0.000457564
2004/10/12,-0.018250423
2004/10/13,0.001907666
2004/10/14,-0.050438481
2004/10/15,-0.003355421
2004/10/18,0.005260701
2004/10/19,0.000812931
2004/10/20,-0.006422854
2004/10/21,-0.015586891
2004/10/22,0.008368003
2004/10/25,-0.011376127
2004/10/26,0.011383613
2004/10/27,0.01557895
2004/10/28,-0.003490592
2004/10/29,-0.01870145
2004/11/1,-0.010971149
2004/11/2,-0.003251227
2004/11/3,0.020922466
2004/11/4,-0.021892587
2004/11/5,0.000557192
2004/11/8,0.00162016
2004/11/9,0.003883393
2004/11/10,0.038056373
2004/11/11,-0.004195814
2004/11/12,0.003052012
2004/11/15,0.012782224
2004/11/16,-0.001429257
2004/11/17,-0.009419976
2004/11/18,0.012024486
2004/11/19,0.007709004
2004/11/22,0.006593731
2004/11/23,-0.004797771
2004/11/24,-0.011477742
2004/11/25,-0.0033949
2004/11/26,0.001443914
2004/11/29,-0.014529965
2004/11/30,0.003904026
2004/12/1,-0.002623207
2004/12/2,0.003168818
2004/12/3,0.00490851
2004/12/6,0.001508038
2004/12/7,-0.015665126
2004/12/8,0.002816832
2004/12/9,0.007825068
2004/12/10,-0.021695187
2004/12/13,-0.007397753
2004/12/14,-0.002966168
2004/12/15,0.000749114
2004/12/16,-0.008067966
2004/12/17,-0.010310065
2004/12/20,-0.011164379
2004/12/21,0.00059961
2004/12/22,0.027464096
2004/12/23,-0.019965632
2004/12/24,0.002029176
2004/12/27,-0.003186866
2004/12/28,-0.003151325
2004/12/29,-0.006131414
2004/12/30,-0.002742114
2004/12/31,-0.009215763
2005/1/4,-0.015967286
2005/1/5,0.013058668
2005/1/6,-0.009239279
2005/1/7,0.002393821
2005/1/10,0.009258313
2005/1/11,0.003215247
2005/1/12,-0.000623094
2005/1/13,0.00154367
2005/1/14,-0.011151847
2005/1/17,-0.02316269
2005/1/18,0.010384506
2005/1/19,-0.006499738
2005/1/20,-0.013651377
2005/1/21,0.021147965
2005/1/24,0.018226252
2005/1/25,-0.003950226
2005/1/26,-0.00943378
2005/1/27,-0.01615065
2005/1/28,-0.013022955
2005/1/31,-0.024575999
2005/2/1,-0.005726528
2005/2/2,0.052903936
2005/2/3,-0.016729902
2005/2/4,0.02016654
2005/2/16,0.008762394
2005/2/17,0.000778456
2005/2/18,-0.013160054
2005/2/21,0.018379907
2005/2/22,0.023938575
2005/2/23,0.004490836
2005/2/24,0.002494774
2005/2/25,0.001246376
2005/2/28,-0.003817048
2005/3/1,-0.001366409
2005/3/2,-0.014448998
2005/3/3,0.0053656
2005/3/4,-0.005671788
2005/3/7,0.004691164
2005/3/8,0.019513372
2005/3/9,0.000551647
2005/3/10,-0.024542738
2005/3/11,0.004940808
2005/3/14,-0.000585528
2005/3/15,-0.015341315
2005/3/16,-0.009363418
2005/3/17,-0.01150962
2005/3/18,-0.018540155
2005/3/21,0.00175677
2005/3/22,-0.024133267
2005/3/23,-0.003995042
2005/3/24,0.008090002
2005/3/25,-0.002028128
2005/3/28,-0.005768111
2005/3/29,-0.005916331
2005/3/30,-0.025139714
2005/3/31,0.0065279
2005/4/1,0.035653501
2005/4/4,-0.01752172
2005/4/5,-0.007842611
2005/4/6,0.017391208
2005/4/7,0.013958354
2005/4/8,0.018596726
2005/4/11,-0.004905081
2005/4/12,-0.018926777
2005/4/13,0.023434676
2005/4/14,-0.014468843
2005/4/15,-0.019229067
2005/4/18,-0.013328134
2005/4/19,0.002020019
2005/4/20,-0.0177234
2005/4/21,-0.012947802
2005/4/22,-0.010816215
2005/4/25,-0.015386645
2005/4/26,0.011708875
2005/4/27,-0.013957742
2005/4/28,0.019387541
2005/4/29,-0.010767042
2005/5/9,-0.030541647
2005/5/10,0.00140919
2005/5/11,-0.010304032
2005/5/12,-0.011783236
2005/5/13,0.006130854
2005/5/16,-0.011011388
2005/5/17,0.009958708
2005/5/18,0.005003241
2005/5/19,0.000934295
2005/5/20,-0.004049253
2005/5/23,-0.026432013
2005/5/24,0.013864289
2005/5/25,0.001839337
2005/5/26,-0.012478659
2005/5/27,-0.008980717
2005/5/30,0.008587379
2005/5/31,-0.000995586
2005/6/1,-0.021279892
2005/6/2,-0.0173034
2005/6/3,-0.002428649
2005/6/6,0.019687529
2005/6/7,0.000433542
2005/6/8,0.076522713
2005/6/9,0.010004827
2005/6/10,-0.020440796
2005/6/13,0.00147881
2005/6/14,-0.016176152
2005/6/15,-0.023444383
2005/6/16,0.011590313
2005/6/17,-0.001613682
2005/6/20,0.028933999
2005/6/21,-0.00945314
2005/6/22,0.004161525
2005/6/23,-0.01053363
2005/6/24,0.005286304
2005/6/27,0.024930142
2005/6/28,-0.016915394
2005/6/29,-0.006364958
2005/6/30,-0.026375831
2005/7/1,-0.033284123
2005/7/4,-0.01045913
2005/7/5,-0.007953076
2005/7/6,-0.006169038
2005/7/7,0.003915411
2005/7/8,-0.025761615
2005/7/11,-0.008986895
2005/7/12,0.034098868
2005/7/13,-0.007481579
2005/7/14,0.002856997
2005/7/15,-0.015916648
2005/7/18,-0.01674779
2005/7/19,0.004340878
2005/7/20,0.007354602
2005/7/21,-0.000397434
2005/7/22,0.020579605
2005/7/25,-0.002608651
2005/7/26,0.023177501
2005/7/27,0.021798717
2005/7/28,-0.003313827
2005/7/29,-0.003576385
2005/8/1,0.006969582
2005/8/2,0.016007312
2005/8/3,0.008090462
2005/8/4,-0.006604573
2005/8/5,0.026810753
2005/8/8,0.009925606
2005/8/9,0.012603837
2005/8/10,0.010371412
2005/8/11,0.013065461
2005/8/12,-0.017790586
2005/8/15,0.022718098
2005/8/16,-0.005329835
2005/8/17,0.01474955
2005/8/18,-0.036243661
2005/8/19,0.000392134
2005/8/22,0.009994145
2005/8/23,-0.011184333
2005/8/24,0.00989721
2005/8/25,0.005781456
2005/8/26,0.001920766
2005/8/29,-0.010545177
2005/8/30,-0.004407523
2005/8/31,0.016313351
2005/9/1,0.019376774
2005/9/2,0.004776625
2005/9/5,0.010031797
2005/9/6,-0.020585243
2005/9/7,0.021800532
2005/9/8,0.002180474
2005/9/9,-0.00756584
2005/9/12,0.003226126
2005/9/13,0.018078615
2005/9/14,0.008052414
2005/9/15,0.002053191
2005/9/16,-0.001121539
2005/9/19,0.009923312
2005/9/20,-0.00702239
2005/9/21,-0.018771979
2005/9/22,-0.029179765
2005/9/23,-0.010684742
2005/9/26,0.003943895
2005/9/27,-0.018427139
2005/9/28,-0.002858037
2005/9/29,0.017461455
2005/9/30,-0.000202035
2005/10/10,-0.013593651
2005/10/11,0.018701098
2005/10/12,0.00776688
2005/10/13,-0.006816741
2005/10/14,-0.012064783
2005/10/17,-0.003246858
2005/10/18,0.01095164
2005/10/19,-0.007000343
2005/10/20,-0.00116289
2005/10/21,0.005661732
2005/10/24,0.003240214
2005/10/25,-0.017703488
2005/10/26,-0.026930192
2005/10/27,-0.003814591
2005/10/28,-0.018442268
2005/10/31,0.007615649
2005/11/1,-0.006009968
2005/11/2,0.016894285
2005/11/3,-0.009238994
2005/11/4,0.006044641
2005/11/7,0.003019731
2005/11/8,0.006812424
2005/11/9,-0.00354133
2005/11/10,-0.024700112
2005/11/11,0.002495224
2005/11/14,0.001037983
2005/11/15,-0.007716935
2005/11/16,0.008171562
2005/11/17,-0.001335485
2005/11/18,0.024320727
2005/11/21,0.00296053
2005/11/22,-0.019166059
2005/11/23,0.008506407
2005/11/24,0.005887564
2005/11/25,0.002428482
2005/11/28,-0.004626927
2005/11/29,-0.012911921
2005/11/30,0.002737544
2005/12/1,-0.001499718
2005/12/2,-0.008519649
2005/12/5,-0.020488976
2005/12/6,0.005414067
2005/12/7,0.009838556
2005/12/8,-0.00076553
2005/12/9,0.017585536
2005/12/12,0.004090489
2005/12/13,0.000801036
2005/12/14,0.010589825
2005/12/15,-0.004873379
2005/12/16,0.008337485
2005/12/19,0.000569355
2005/12/20,0.003664832
2005/12/21,-0.006941445
2005/12/22,0.006325258
2005/12/23,0.010328685
2005/12/26,0.008663411
2005/12/27,-0.00211553
2005/12/28,0.002048216
2005/12/29,0.01111107
2005/12/30,-0.010054325
2006/1/4,0.015133757
2006/1/5,0.015259601
2006/1/6,0.009196427
2006/1/9,0.0083574
2006/1/10,0.004253945
2006/1/11,-0.005914878
2006/1/12,0.013800213
2006/1/13,-0.002752303
2006/1/16,-0.017710233
2006/1/17,0.001526134
2006/1/18,0.02133253
2006/1/19,0.009581914
2006/1/20,0.001160401
2006/1/23,0.004779097
2006/1/24,0.000905263
2006/1/25,0.005093927
2006/2/6,0.026290093
2006/2/7,-0.001378874
2006/2/8,0.003276055
2006/2/9,-0.014327119
2006/2/10,0.012314068
2006/2/13,-0.001877264
2006/2/14,0.007559481
2006/2/15,0.001758524
2006/2/16,-0.02750112
2006/2/17,-0.004103396
2006/2/20,-0.000790646
2006/2/21,0.019766068
2006/2/22,-0.000290517
2006/2/23,0.002974499
2006/2/24,0.00921497
2006/2/27,-0.00594074
2006/2/28,0.004021967
2006/3/1,0.007459369
2006/3/2,-0.020919981
2006/3/3,0.002806598
2006/3/6,-0.003334903
2006/3/7,-0.027667927
2006/3/8,-0.005161654
2006/3/9,-0.003080489
2006/3/10,0.004984018
2006/3/13,0.011459569
2006/3/14,-0.000423583
2006/3/15,0.012517995
2006/3/16,2.25E-05
2006/3/17,-0.003172858
2006/3/20,0.015271758
2006/3/21,0.003756323
2006/3/22,0.009753075
2006/3/23,0.003925364
2006/3/24,-0.007652715
2006/3/27,0.010075316
2006/3/28,0.007632461
2006/3/29,0.005327261
2006/3/30,-0.011119106
2006/3/31,0.007750786
2006/4/3,0.022259316
2006/4/4,0.011748826
2006/4/5,0.010098489
2006/4/6,0.002290417
2006/4/7,0.004386504
2006/4/10,0.017947241
2006/4/11,0.004066514
2006/4/12,-0.004997811
2006/4/13,-0.030693459
2006/4/14,0.026770428
2006/4/17,0.003487858
2006/4/18,0.005070894
2006/4/19,0.004360455
2006/4/20,-0.006872921
2006/4/21,0.012097763
2006/4/24,-0.01065321
2006/4/25,0.001502666
2006/4/26,0.014171607
2006/4/27,0.002454461
2006/4/28,0.015274438
2006/5/8,0.041691594
2006/5/9,0.031370342
2006/5/10,0.015647503
2006/5/11,-0.008633019
2006/5/12,0.036452276
2006/5/15,0.048460432
2006/5/16,-0.030749777
2006/5/17,0.008069811
2006/5/18,0.000826343
2006/5/19,0.028141221
2006/5/22,0.01004027
2006/5/23,-0.04729245
2006/5/24,-0.011939906
2006/5/25,0.00563213
2006/5/26,0.020754948
2006/5/29,0.027575762
2006/5/30,0.012562615
2006/5/31,-0.008380564
2006/6/1,0.033138276
2006/6/2,-0.005229319
2006/6/5,0.013378921
2006/6/6,-0.005807288
2006/6/7,-0.066743855
2006/6/8,0.002846266
2006/6/9,-0.024826164
2006/6/12,0.004579529
2006/6/13,0.002504812
2006/6/14,-0.00892192
2006/6/15,0.002279184
2006/6/16,0.02415383
2006/6/19,0.013708286
2006/6/20,0.005573867
2006/6/21,-0.00315552
2006/6/22,-0.000714118
2006/6/23,0.00918768
2006/6/26,0.017996197
2006/6/27,0.00299334
2006/6/28,-0.000494694
2006/6/29,0.021298821
2006/6/30,-0.000687795
2006/7/3,0.017916966
2006/7/4,-0.005979183
2006/7/5,-0.008692786
2006/7/6,0.021423808
2006/7/7,-0.002839326
2006/7/10,0.003846576
2006/7/11,0.006368463
2006/7/12,0.000208527
2006/7/13,-0.05848863
2006/7/14,0.008205174
2006/7/17,0.013862175
2006/7/18,0.003260103
2006/7/19,-0.025280429
2006/7/20,0.007027115
2006/7/21,0.007550825
2006/7/24,0.001429402
2006/7/25,0.013083856
2006/7/26,0.000519168
2006/7/27,-0.011128788
2006/7/28,-0.009670392
2006/7/31,-0.037982534
2006/8/1,-0.010314928
2006/8/2,-0.005248799
2006/8/3,-0.002045538
2006/8/4,-0.027466932
2006/8/7,-0.018002857
2006/8/8,0.025764886
2006/8/9,-0.000113207
2006/8/10,0.016897892
2006/8/11,0.003868926
2006/8/14,-0.025685775
2006/8/15,0.017407984
2006/8/16,0.014892277
2006/8/17,-0.007633773
2006/8/18,-0.004115158
2006/8/21,0.00372225
2006/8/22,0.011023761
2006/8/23,-0.001035168
2006/8/24,0.007039622
2006/8/25,0.002446205
2006/8/28,0.022379121
2006/8/29,0.002301778
2006/8/30,0.00555011
2006/8/31,0.004971793
2006/9/1,-0.016828914
2006/9/4,0.016711609
2006/9/5,0.002398161
2006/9/6,0.004582874
2006/9/7,-0.014159309
2006/9/8,0.002375431
2006/9/11,0.005260106
2006/9/12,0.005396662
2006/9/13,-0.0092598
2006/9/14,0.000107961
2006/9/15,0.015209628
2006/9/18,0.011719919
2006/9/19,0.002316858
2006/9/20,0.001746075
2006/9/21,0.005562772
2006/9/22,-0.009032572
2006/9/25,-0.000485382
2006/9/26,-0.007389858
2006/9/27,0.009311685
2006/9/28,0.010100207
2006/9/29,0.010663275
2006/10/9,0.020662948
2006/10/10,0.00269373
2006/10/11,0.000423284
2006/10/12,-0.009205899
2006/10/13,0.003978188
2006/10/16,-0.006796336
2006/10/17,-0.002209226
2006/10/18,0.014500481
2006/10/19,0.003298442
2006/10/20,-0.00251955
2006/10/23,-0.026543858
2006/10/24,0.023444995
2006/10/25,0.000118386
2006/10/26,0.001061938
2006/10/27,-0.014108619
2006/10/30,0.001763979
2006/10/31,0.011412875
2006/11/1,0.007110629
2006/11/2,-0.001466986
2006/11/3,0.005491355
2006/11/6,0.005091002
2006/11/7,-0.000116032
2006/11/8,-0.008315674
2006/11/9,0.01500597
2006/11/10,-0.017835537
2006/11/13,-0.024173446
2006/11/14,0.011293279
2006/11/15,0.022414131
2006/11/16,-0.00565171
2006/11/17,0.015360347
2006/11/20,0.010819022
2006/11/21,0.010036765
2006/11/22,0.009244609
2006/11/23,0.006339499
2006/11/24,0.005307973
2006/11/27,0.012948992
2006/11/28,-0.001007498
2006/11/29,0.012217946
2006/11/30,0.023102914
2006/12/1,0.007280035
2006/12/4,0.025293249
2006/12/5,0.007780682
2006/12/6,-0.010732573
2006/12/7,-0.004565717
2006/12/8,-0.036247797
2006/12/11,0.038912383
2006/12/12,0.005171003
2006/12/13,0.002236555
2006/12/14,0.016218796
2006/12/15,0.015643671
2006/12/18,0.021773539
2006/12/19,0.00376554
2006/12/20,0.011024263
2006/12/21,-0.012576783
2006/12/22,-0.006002688
2006/12/25,0.017662253
2006/12/26,-0.003893451
2006/12/27,0.016620397
2006/12/28,-0.007956962
2006/12/29,0.023540907
2007/1/4,0.008075624
2007/1/5,0.008968641
2007/1/8,0.031791655
2007/1/9,0.027659406
2007/1/10,0.024718001
2007/1/11,-0.005498151
2007/1/12,-0.028294846
2007/1/15,0.050291998
2007/1/16,0.029013168
2007/1/17,-0.014984644
2007/1/18,0.009166321
2007/1/19,0.033205998
2007/1/22,0.04030063
2007/1/23,0.005773771
2007/1/24,0.010304914
2007/1/25,-0.037274996
2007/1/26,0.017243886
2007/1/29,0.027369234
2007/1/30,-0.007383653
2007/1/31,-0.059806492
2007/2/1,0.00524045
2007/2/2,-0.032769382
2007/2/5,-0.003863526
2007/2/6,0.020076846
2007/2/7,0.020727425
2007/2/8,0.017277147
2007/2/9,-0.002279691
2007/2/12,0.031656666
2007/2/13,0.015907181
2007/2/14,0.024164721
2007/2/15,0.029871699
2007/2/16,0.006407689
2007/2/26,0.021075246
2007/2/27,-0.092923054
2007/2/28,0.037918643
2007/3/1,-0.025752479
2007/3/2,0.014964745
2007/3/5,-0.007335403
2007/3/6,0.011777307
2007/3/7,0.025769241
2007/3/8,0.016969156
2007/3/9,-0.002788682
2007/3/12,0.009603789
2007/3/13,0.010253912
2007/3/14,-0.011852728
2007/3/15,0.01867224
2007/3/16,-0.015859424
2007/3/19,0.017708402
2007/3/20,0.011504074
2007/3/21,0.013338835
2007/3/22,0.003965179
2007/3/23,0.00610258
2007/3/26,0.020649487
2007/3/27,0.010349472
2007/3/28,-0.001631854
2007/3/29,-0.016689895
2007/3/30,0.003613088
2007/4/2,0.023551921
2007/4/3,0.014063564
2007/4/4,0.008790198
2007/4/5,0.013769604
2007/4/6,0.010721347
2007/4/9,0.019808013
2007/4/10,0.011964538
2007/4/11,0.012764519
2007/4/12,0.019608031
2007/4/13,-0.003626543
2007/4/16,0.027914018
2007/4/17,0.01566189
2007/4/18,0.013601948
2007/4/19,-0.049501031
2007/4/20,0.045148012
2007/4/23,0.041407217
2007/4/24,0.005956805
2007/4/25,-0.000389161
2007/4/26,0.012900186
2007/4/27,-0.00472743
2007/4/30,0.016451113
2007/5/8,0.037435296
2007/5/9,0.004386469
2007/5/10,0.007310896
2007/5/11,-0.004455255
2007/5/14,0.007220865
2007/5/15,-0.033573749
2007/5/16,0.026403411
2007/5/17,0.022693747
2007/5/18,0.001642516
2007/5/21,0.019771238
2007/5/22,0.014865304
2007/5/23,0.021168943
2007/5/24,-0.003760523
2007/5/25,0.016033317
2007/5/28,0.021026651
2007/5/29,0.020968902
2007/5/30,-0.073438476
2007/5/31,-0.01009381
2007/6/1,-0.047286249
2007/6/4,-0.081601164
2007/6/5,0.023052163
2007/6/6,0.013321943
2007/6/7,0.038496277
2007/6/8,0.012669147
2007/6/11,0.023709607
2007/6/12,0.025798707
2007/6/13,0.025575194
2007/6/14,-0.010883301
2007/6/15,0.00398052
2007/6/18,0.0293696
2007/6/19,0.011244673
2007/6/20,-0.024473502
2007/6/21,0.004198222
2007/6/22,-0.043125185
2007/6/25,-0.050975762
2007/6/26,0.013477975
2007/6/27,0.026828552
2007/6/28,-0.051553973
2007/6/29,-0.033762301
2007/7/2,0.002191812
2007/7/3,0.017608516
2007/7/4,-0.022526362
2007/7/5,-0.058177938
2007/7/6,0.049235756
2007/7/9,0.02985116
2007/7/10,-0.016648821
2007/7/11,0.006010884
2007/7/12,0.00594112
2007/7/13,-0.000848207
2007/7/16,-0.03182852
2007/7/17,0.02238089
2007/7/18,0.004457549
2007/7/19,0.002305266
2007/7/20,0.040032052
2007/7/23,0.046113343
2007/7/24,0.001934376
2007/7/25,0.024120198
2007/7/26,0.014521081
2007/7/27,0.007707236
2007/7/30,0.021862029
2007/7/31,0.011798128
2007/8/1,-0.042819852
2007/8/2,0.034354911
2007/8/3,0.0285545
2007/8/6,0.021345876
2007/8/7,0.00137136
2007/8/8,-0.013058863
2007/8/9,0.018123396
2007/8/10,-0.014007546
2007/8/13,-0.002264542
2007/8/14,0.018569476
2007/8/15,-0.001066612
2007/8/16,-0.009424058
2007/8/17,-0.016659154
2007/8/20,0.047953085
2007/8/21,0.014682116
2007/8/22,0.014340842
2007/8/23,0.014356954
2007/8/24,0.011651931
2007/8/27,0.000748536
2007/8/28,0.00142467
2007/8/29,-0.012712674
2007/8/30,0.018780939
2007/8/31,0.010822457
2007/9/3,0.022308515
2007/9/4,-0.009240566
2007/9/5,0.002535465
2007/9/6,0.01005657
2007/9/7,-0.021743373
2007/9/10,0.016580962
2007/9/11,-0.052323062
2007/9/12,0.012691457
2007/9/13,0.024119583
2007/9/14,0.010485893
2007/9/17,0.019467661
2007/9/18,-0.000289517
2007/9/19,-0.01148331
2007/9/20,0.012793362
2007/9/21,-0.005972279
2007/9/24,0.005902783
2007/9/25,-0.009689712
2007/9/26,-0.016011027
2007/9/27,0.011299271
2007/9/28,0.025649456
2007/10/8,0.009162466
2007/10/9,0.005777073
2007/10/10,0.000954682
2007/10/11,0.00493166
2007/10/12,-0.008512427
2007/10/15,0.009364335
2007/10/16,0.009766182
2007/10/17,-0.007467747
2007/10/18,-0.031677955
2007/10/19,0.000243503
2007/10/22,-0.025895556
2007/10/23,0.008149417
2007/10/24,0.000336095
2007/10/25,-0.052421949
2007/10/26,0.00410354
2007/10/29,0.018643376
2007/10/30,0.017703943
2007/10/31,0.022240953
2007/11/1,-0.018315189
2007/11/2,-0.024297638
2007/11/5,-0.011419021
2007/11/6,-0.004782852
2007/11/7,0.004036986
2007/11/8,-0.045677919
2007/11/9,-0.011213726
2007/11/12,-0.014452862
2007/11/13,-0.004672923
2007/11/14,0.039454531
2007/11/15,-0.012536799
2007/11/16,-0.009150756
2007/11/19,0.004940903
2007/11/20,0.014367456
2007/11/21,-0.013396322
2007/11/22,-0.045618426
2007/11/23,0.016913825
2007/11/26,-0.010282029
2007/11/27,-0.015704089
2007/11/28,-0.010710947
2007/11/29,0.034838292
2007/11/30,-0.019340629
2007/12/3,0.008254042
2007/12/4,0.009192089
2007/12/5,0.024799498
2007/12/6,0.001956958
2007/12/7,0.01482303
2007/12/10,0.02102026
2007/12/11,0.004031375
2007/12/12,-0.007131897
2007/12/13,-0.035154322
2007/12/14,0.019138006
2007/12/17,-0.016518523
2007/12/18,-0.005898588
2007/12/19,0.022639259
2007/12/20,0.016212872
2007/12/21,0.013326819
2007/12/24,0.019217966
2007/12/25,0.003720582
2007/12/26,0.012718289
2007/12/27,0.016369407
2007/12/28,-0.00418172
2008/1/2,0.015628996
2008/1/3,0.010816861
2008/1/4,0.008662118
2008/1/7,0.014267759
2008/1/8,-0.011277174
2008/1/9,0.018907447
2008/1/10,0.008443982
2008/1/11,0.003062127
2008/1/14,0.007988234
2008/1/15,-0.001215574
2008/1/16,-0.026740544
2008/1/17,-0.024642008
2008/1/18,0.008929375
2008/1/21,-0.047557647
2008/1/22,-0.080499564
2008/1/23,0.045155385
2008/1/24,0.016484194
2008/1/25,0.007744867
2008/1/28,-0.070428346
2008/1/29,0.009421316
2008/1/30,-0.006083235
2008/1/31,-0.024590911
2008/2/1,-0.021563691
2008/2/4,0.077729735
2008/2/5,-0.001928616
2008/2/13,-0.016635966
2008/2/14,0.015122382
2008/2/15,-0.010796391
2008/2/18,0.023183972
2008/2/19,0.020638455
2008/2/20,-0.01819993
2008/2/21,-0.002033775
2008/2/22,-0.03189438
2008/2/25,-0.036180869
2008/2/26,0.001118431
2008/2/27,0.025271359
2008/2/28,-0.002294186
2008/2/29,0.012133513
2008/3/3,0.025451191
2008/3/4,-0.020046936
2008/3/5,-0.00436608
2008/3/6,0.01096937
2008/3/7,-0.016520586
2008/3/10,-0.038750996
2008/3/11,0.004463919
2008/3/12,-0.029067794
2008/3/13,-0.029350471
2008/3/14,-0.009203821
2008/3/17,-0.055117577
2008/3/18,-0.056487309
2008/3/19,0.034415199
2008/3/20,0.029817461
2008/3/21,0.008464008
2008/3/24,-0.038514192
2008/3/25,0.011612104
2008/3/26,0.00070611
2008/3/27,-0.045877816
2008/3/28,0.040006102
2008/3/31,-0.034751948
2008/4/1,-0.060949951
2008/4/2,-0.018807182
2008/4/3,0.026262115
2008/4/7,0.053027855
2008/4/8,0.013052509
2008/4/9,-0.053909129
2008/4/10,0.020047081
2008/4/11,0.009936808
2008/4/14,-0.06653753
2008/4/15,0.018161708
2008/4/16,-0.024594923
2008/4/17,-0.029120229
2008/4/18,-0.038485446
2008/4/21,-0.001562175
2008/4/22,0.002541374
2008/4/23,0.045102217
2008/4/24,0.086987179
2008/4/25,0.006083751
2008/4/28,-0.015575885
2008/4/29,0.010800158
2008/4/30,0.043870235
2008/5/5,0.024275137
2008/5/6,-0.008709404
2008/5/7,-0.047238239
2008/5/8,0.026325004
2008/5/9,-0.008487082
2008/5/12,0.010512305
2008/5/13,-0.009399928
2008/5/14,0.027961851
2008/5/15,-0.007300918
2008/5/16,-0.006271737
2008/5/19,-0.005002308
2008/5/20,-0.054586033
2008/5/21,0.019909501
2008/5/22,-0.016676391
2008/5/23,-0.008000636
2008/5/26,-0.031013923
2008/5/27,0.00473596
2008/5/28,0.027274091
2008/5/29,-0.024639335
2008/5/30,0.00786412
2008/6/2,0.006706972
2008/6/3,-0.004542678
2008/6/4,-0.017812057
2008/6/5,-0.008449946
2008/6/6,-0.005856676
2008/6/10,-0.086183586
2008/6/11,-0.022016165
2008/6/12,-0.015870051
2008/6/13,-0.036049459
2008/6/16,-0.010205898
2008/6/17,-0.041441528
2008/6/18,0.050864247
2008/6/19,-0.077158595
2008/6/20,0.026516823
2008/6/23,-0.021345307
2008/6/24,0.023760406
2008/6/25,0.042672187
2008/6/26,0.006089137
2008/6/27,-0.059233144
2008/6/30,-0.004238277
2008/7/1,-0.028755849
2008/7/2,0.005079716
2008/7/3,0.02764683
2008/7/4,-0.004396683
2008/7/7,0.050261743
2008/7/8,0.008492786
2008/7/9,0.034285304
2008/7/10,-0.015219979
2008/7/11,-0.006529266
2008/7/14,0.011236342
2008/7/15,-0.037462886
2008/7/16,-0.040590836
2008/7/17,-0.008973412
2008/7/18,0.03499431
2008/7/21,0.034085564
2008/7/22,-0.000591512
2008/7/23,-0.006514009
2008/7/24,0.029204238
2008/7/25,-0.010873792
2008/7/28,0.01017626
2008/7/29,-0.019717511
2008/7/30,-0.005909821
2008/7/31,-0.02992686
2008/8/1,0.013687493
2008/8/4,-0.02347493
2008/8/5,-0.02492032
2008/8/6,0.005415928
2008/8/7,0.001404768
2008/8/8,-0.054943638
2008/8/11,-0.060056147
2008/8/12,-0.008951541
2008/8/13,-0.001200426
2008/8/14,0.001067775
2008/8/15,0.000887973
2008/8/18,-0.060973742
2008/8/19,0.014668935
2008/8/20,0.075020819
2008/8/21,-0.036351801
2008/8/22,-0.017588326
2008/8/25,-0.000815183
2008/8/26,-0.03575886
2008/8/27,-0.002761589
2008/8/28,0.00298958
2008/8/29,0.025105213
2008/9/1,-0.032335102
2008/9/2,-0.005337255
2008/9/3,-0.013030136
2008/9/4,0.002854508
2008/9/5,-0.034962588
2008/9/8,-0.03299905
2008/9/9,0.006401131
2008/9/10,0.004136704
2008/9/11,-0.028295945
2008/9/12,0.001778247
2008/9/16,-0.031519023
2008/9/17,-0.031126554
2008/9/18,-0.022543686
2008/9/19,0.090045877
2008/9/22,0.054602895
2008/9/23,-0.04747613
2008/9/24,0.010554296
2008/9/25,0.034423511
2008/9/26,0.006372605
2008/10/6,-0.047310587
2008/10/7,-0.009050531
2008/10/8,-0.033787164
2008/10/9,-0.012520479
2008/10/10,-0.051018957
2008/10/13,0.034972468
2008/10/14,-0.027447355
2008/10/15,-0.009081272
2008/10/16,-0.051334951
2008/10/17,0.00813454
2008/10/20,0.032967311
2008/10/21,-0.007304949
2008/10/22,-0.024006437
2008/10/23,0.001368544
2008/10/24,-0.02530248
2008/10/27,-0.075128058
2008/10/28,0.028299975
2008/10/29,-0.030811079
2008/10/30,0.020216929
2008/10/31,-0.019569412
2008/11/3,-0.007566853
2008/11/4,-0.014281348
2008/11/5,0.036028774
2008/11/6,-0.021830165
2008/11/7,0.016787365
2008/11/10,0.071031154
2008/11/11,-0.01087923
2008/11/12,0.015039814
2008/11/13,0.040598137
2008/11/14,0.037887487
2008/11/17,0.029260375
2008/11/18,-0.076024495
2008/11/19,0.061597394
2008/11/20,-0.007510779
2008/11/21,-0.007345777
2008/11/24,-0.042163528
2008/11/25,-0.003650862
2008/11/26,0.005506182
2008/11/27,0.014844425
2008/11/28,-0.01832752
2008/12/1,0.024549528
2008/12/2,0.006491015
2008/12/3,0.041564256
2008/12/4,0.011909616
2008/12/5,0.01787158
2008/12/8,0.039904667
2008/12/9,-0.025700705
2008/12/10,0.027021708
2008/12/11,-0.026121854
2008/12/12,-0.043407298
2008/12/15,0.010936947
2008/12/16,0.01154233
2008/12/17,0.006300152
2008/12/18,0.020056403
2008/12/19,0.005704747
2008/12/22,-0.011114617
2008/12/23,-0.054027132
2008/12/24,-0.018378734
2008/12/25,-0.005996568
2008/12/26,-0.004352673
2008/12/29,-0.001436546
2008/12/30,-0.009076916
2008/12/31,-0.00971715
2009/1/5,0.037935554
2009/1/6,0.031189794
2009/1/7,-0.001954236
2009/1/8,-0.022378758
2009/1/9,0.019631756
2009/1/12,0.004335072
2009/1/13,-0.024336265
2009/1/14,0.040250169
2009/1/15,0.003275477
2009/1/16,0.014052054
2009/1/19,0.007430117
2009/1/20,0.008481125
2009/1/21,-0.00249832
2009/1/22,0.012522701
2009/1/23,-0.004443991
2009/2/2,0.017999525
2009/2/3,0.024856723
2009/2/4,0.024215872
2009/2/5,-0.009370038
2009/2/6,0.03986762
2009/2/9,0.027285137
2009/2/10,0.016909071
2009/2/11,0.002627751
2009/2/12,0.002266873
2009/2/13,0.034103951
2009/2/16,0.023394756
2009/2/17,-0.034385935
2009/2/18,-0.044321978
2009/2/19,0.013612128
2009/2/20,0.023490784
2009/2/23,0.028618595
2009/2/24,-0.04503469
2009/2/25,0.001783536
2009/2/26,-0.057188745
2009/2/27,-0.034982344
2009/3/2,0.015027922
2009/3/3,-0.0042614
2009/3/4,0.062445854
2009/3/5,0.008527586
2009/3/6,-0.00746505
2009/3/9,-0.039630377
2009/3/10,0.019768274
2009/3/11,-0.007307308
2009/3/12,-0.000528277
2009/3/13,-0.00604254
2009/3/16,0.015435349
2009/3/17,0.03493292
2009/3/18,0.006636249
2009/3/19,0.021386915
2009/3/20,-0.002269213
2009/3/23,0.023243795
2009/3/24,0.006242494
2009/3/25,-0.022386483
2009/3/26,0.029468336
2009/3/27,0.008197272
2009/3/30,-0.00245922
2009/3/31,0.009831892
2009/4/1,0.015308731
2009/4/2,0.007488892
2009/4/3,-0.004823407
2009/4/7,0.005325226
2009/4/8,-0.037426039
2009/4/9,0.016247266
2009/4/10,0.03049768
2009/4/13,0.020305616
2009/4/14,0.011321081
2009/4/15,0.007547524
2009/4/16,0.001593135
2009/4/17,-0.012951801
2009/4/20,0.022811461
2009/4/21,-0.008272812
2009/4/22,-0.041204117
2009/4/23,0.006399692
2009/4/24,-0.008131387
2009/4/27,-0.028535685
2009/4/28,0.005147351
2009/4/29,0.030175917
2009/4/30,0.00918452
2009/5/4,0.033185032
2009/5/5,0.006785813
2009/5/6,0.013914022
2009/5/7,-0.001882979
2009/5/8,0.006252695
2009/5/11,-0.027526289
2009/5/12,0.023249358
2009/5/13,0.008266613
2009/5/14,-0.00359661
2009/5/15,0.003303189
2009/5/18,0.00536362
2009/5/19,0.009434194
2009/5/20,-0.00887857
2009/5/21,-0.020822245
2009/5/22,-0.001422336
2009/5/25,0.003679933
2009/5/26,-0.006201538
2009/5/27,0.009651738
2009/6/1,0.028215157
2009/6/2,0.003588454
2009/6/3,0.018373181
2009/6/4,0.002896504
2009/6/5,-0.004466543
2009/6/8,0.000881173
2009/6/9,0.005564114
2009/6/10,0.010276547
2009/6/11,-0.007187598
2009/6/12,-0.019042033
2009/6/15,0.018041874
2009/6/16,-0.001192138
2009/6/17,0.015353835
2009/6/18,0.012217485
2009/6/19,0.005557801
2009/6/22,-0.002102291
2009/6/23,-0.000896798
2009/6/24,0.012473557
2009/6/25,-0.000597542
2009/6/26,0.00353117
2009/6/29,0.013069078
2009/6/30,-0.005036718
2009/7/1,0.018714928
2009/7/2,0.01243573
2009/7/3,0.012107213
2009/7/6,0.012275242
2009/7/7,-0.006380399
2009/7/8,0.003395399
2009/7/9,0.015178544
2009/7/10,0.001634282
2009/7/13,-0.00452552
2009/7/14,0.022919944
2009/7/15,0.00941262
2009/7/16,-0.000368234
2009/7/17,0.003583081
2009/7/20,0.018224356
2009/7/21,-0.016809975
2009/7/22,0.017092367
2009/7/23,0.011691136
2009/7/24,0.000897418
2009/7/27,0.020572688
2009/7/28,0.00579608
2009/7/29,-0.053462243
2009/7/30,0.018981282
2009/7/31,0.027221265
2009/8/3,0.015690602
2009/8/4,0.002283634
2009/8/5,-0.007219175
2009/8/6,-0.018647216
2009/8/7,-0.028835825
2009/8/10,0.000795129
2009/8/11,0.004608159
2009/8/12,-0.044815555
2009/8/13,0.007743801
2009/8/14,-0.033447779
2009/8/17,-0.063885797
2009/8/18,0.012606294
2009/8/19,-0.047847401
2009/8/20,0.038697931
2009/8/21,0.020874401
2009/8/24,0.011038791
2009/8/25,-0.029367871
2009/8/26,0.022804327
2009/8/27,0.001202254
2009/8/28,-0.031120278
2009/8/31,-0.071581026
2009/9/1,0.001833788
2009/9/2,0.011795256
2009/9/3,0.049586232
2009/9/4,0.009958823
2009/9/7,0.009327182
2009/9/8,0.019009524
2009/9/9,0.006041693
2009/9/10,-0.009439352
2009/9/11,0.021598215
2009/9/14,0.018288258
2009/9/15,0.004492488
2009/9/16,-0.008704314
2009/9/17,0.01947824
2009/9/18,-0.034320099
2009/9/21,0.006849831
2009/9/22,-0.022648635
2009/9/23,-0.023455401
2009/9/24,0.000732327
2009/9/25,-0.007879678
2009/9/28,-0.026334188
2009/9/29,-0.007006763
2009/9/30,0.010289416
2009/10/9,0.047961937
2009/10/12,-0.001167501
2009/10/13,0.014957799
2009/10/14,0.008963596
2009/10/15,0.002995601
2009/10/16,0.00023879
2009/10/19,0.02319654
2009/10/20,0.014691967
2009/10/21,-0.003983584
2009/10/22,-0.004269595
2009/10/23,0.017423474
2009/10/26,6.01E-05
2009/10/27,-0.026860521
2009/10/28,0.004684925
2009/10/29,-0.022148165
2009/10/30,0.012744143
2009/11/2,0.030061924
2009/11/3,0.013092167
2009/11/4,0.005537941
2009/11/5,0.007493194
2009/11/6,0.003147334
2009/11/9,0.004510446
2009/11/10,0.00256876
2009/11/11,-0.000124413
2009/11/12,0.000911668
2009/11/13,0.006372738
2009/11/16,0.026476915
2009/11/17,0.002729591
2009/11/18,0.005502024
2009/11/19,0.00608239
2009/11/20,-0.002115908
2009/11/23,0.010654209
2009/11/24,-0.037295806
2009/11/25,0.023242354
2009/11/26,-0.038703621
2009/11/27,-0.023411566
2009/11/30,0.034692219
2009/12/1,0.016215004
2009/12/2,0.011079075
2009/12/3,-0.000580612
2009/12/4,0.00608671
2009/12/7,0.007480923
2009/12/8,-0.008541669
2009/12/9,-0.015700712
2009/12/10,0.005407995
2009/12/11,-0.00146029
2009/12/14,0.011661797
2009/12/15,-0.005285173
2009/12/16,-0.006604474
2009/12/17,-0.024667184
2009/12/18,-0.02386685
2009/12/21,0.004952628
2009/12/22,-0.022834518
2009/12/23,0.010427025
2009/12/24,0.028005561
2009/12/25,-0.001178129
2009/12/28,0.015010657
2009/12/29,0.006776017
2009/12/30,0.01148363
2009/12/31,0.005350731
2010/1/4,-0.007489195
2010/1/5,0.008062542
2010/1/6,-0.006684977
2010/1/7,-0.021273849
2010/1/8,0.004199504
2010/1/11,0.00245572
2010/1/12,0.0172695
2010/1/13,-0.027688161
2010/1/14,0.016304058
2010/1/15,0.004497498
2010/1/18,0.006506963
2010/1/19,0.000679362
2010/1/20,-0.03324531
2010/1/21,0.005018457
2010/1/22,-0.013720952
2010/1/25,-0.011532504
2010/1/26,-0.027003497
2010/1/27,-0.011881091
2010/1/28,0.005012386
2010/1/29,0.000897309
2010/2/1,-0.014379845
2010/2/2,-0.00321333
2010/2/3,0.021785293
2010/2/4,0.000182712
2010/2/5,-0.0191488
2010/2/8,-0.001249432
2010/2/9,0.003189418
2010/2/10,0.012494281
2010/2/11,0.000670181
2010/2/12,0.011216693
2010/2/22,-0.004095635
2010/2/23,-0.004471859
2010/2/24,0.015270806
2010/2/25,0.014040676
2010/2/26,-0.001762249
2010/3/1,0.012107034
2010/3/2,-0.002815857
2010/3/3,0.008075509
2010/3/4,-0.026216916
2010/3/5,0.002391104
2010/3/8,0.007983019
2010/3/9,0.005281844
2010/3/10,-0.008039394
2010/3/11,-0.000701442
2010/3/12,-0.013314494
2010/3/15,-0.012131466
2010/3/16,0.006970024
2010/3/17,0.021227595
2010/3/18,-0.001136155
2010/3/19,0.007324917
2010/3/22,0.003256219
2010/3/23,-0.006468465
2010/3/24,0.002689641
2010/3/25,-0.012403317
2010/3/26,0.013498719
2010/3/29,0.019538097
2010/3/30,0.002681591
2010/3/31,-0.004568569
2010/4/1,0.013032435
2010/4/2,0.003102507
2010/4/6,-0.000160739
2010/4/7,-0.001962183
2010/4/8,-0.007948071
2010/4/9,0.010131999
2010/4/12,-0.003582919
2010/4/13,0.004746863
2010/4/14,0.004139316
2010/4/15,-0.00460597
2010/4/16,-0.008655279
2010/4/19,-0.048775819
2010/4/20,0.00116088
2010/4/21,0.020974663
2010/4/22,-0.007384575
2010/4/23,-0.005898818
2010/4/26,-0.00426101
2010/4/27,-0.020541806
2010/4/28,-0.003769618
2010/4/29,-0.014773774
2010/4/30,-0.005014741
2010/5/4,-0.010601155
2010/5/5,0.011647876
2010/5/6,-0.038982114
2010/5/7,-0.018151257
2010/5/10,-0.000265052
2010/5/11,-0.021603676
2010/5/12,-0.000353525
2010/5/13,0.023116533
2010/5/14,-0.003284386
2010/5/17,-0.054722979
2010/5/18,0.014362629
2010/5/19,-0.001062034
2010/5/20,-0.013197335
2010/5/21,0.015459069
2010/5/24,0.036244301
2010/5/25,-0.016851364
2010/5/26,0.001566543
2010/5/27,0.014808154
2010/5/28,0.000221516
2010/5/31,-0.025033205
2010/6/1,-0.011622294
2010/6/2,0.0035236
2010/6/3,-0.006039961
2010/6/4,0.003480783
2010/6/7,-0.013975501
2010/6/8,0.002034145
2010/6/9,0.028092775
2010/6/10,-0.007367649
2010/6/11,0.00094704
2010/6/17,-0.005563843
2010/6/18,-0.023315625
2010/6/21,0.029651456
2010/6/22,0.003011787
2010/6/23,-0.006628633
2010/6/24,0.000957926
2010/6/25,-0.007997169
2010/6/28,-0.008980337
2010/6/29,-0.046548925
2010/6/30,-0.013250681
2010/7/1,-0.011165986
2010/7/2,0.001089501
2010/7/5,-0.006607243
2010/7/6,0.022127393
2010/7/7,0.007530621
2010/7/8,-0.001743787
2010/7/9,0.024411145
2010/7/12,0.009767597
2010/7/13,-0.01506541
2010/7/14,0.007172467
2010/7/15,-0.019641839
2010/7/16,0.00177149
2010/7/19,0.022458025
2010/7/20,0.022685444
2010/7/21,0.002620753
2010/7/22,0.012064111
2010/7/23,0.003764314
2010/7/26,0.007926178
2010/7/27,-0.003915961
2010/7/28,0.02230111
2010/7/29,0.00513466
2010/7/30,-0.002549608
2010/8/2,0.016210632
2010/8/3,-0.017127572
2010/8/4,0.004966987
2010/8/5,-0.004661086
2010/8/6,0.015686673
2010/8/9,0.006555477
2010/8/10,-0.030512737
2010/8/11,0.006911963
2010/8/12,-0.012057
2010/8/13,0.014079054
2010/8/16,0.021565646
2010/8/17,0.005567685
2010/8/18,-0.001334843
2010/8/19,0.005647219
2010/8/20,-0.018034749
2010/8/23,0.001199643
2010/8/24,0.00627547
2010/8/25,-0.021039955
2010/8/26,0.003681957
2010/8/27,0.00359394
2010/8/30,0.019437205
2010/8/31,-0.001521057
2010/9/1,-0.007562484
2010/9/2,0.015011687
2010/9/3,0.002261849
2010/9/6,0.010985925
2010/9/7,0.003214528
2010/9/8,0.001003994
2010/9/9,-0.015233595
2010/9/10,0.004320331
2010/9/13,0.01204488
2010/9/14,0.001124723
2010/9/15,-0.016207035
2010/9/16,-0.02051804
2010/9/17,0.000368558
2010/9/20,-0.005055098
2010/9/21,0.001085644
2010/9/27,0.017706279
2010/9/28,-0.006489392
2010/9/29,-0.004300966
2010/9/30,0.01683117
2010/10/8,0.028952025
2010/10/11,0.020332092
2010/10/12,0.009830821
2010/10/13,0.008565157
2010/10/14,-0.005008341
2010/10/15,0.025198374
2010/10/18,-0.006475853
2010/10/19,0.02113228
2010/10/20,0.004071875
2010/10/21,-0.002623696
2010/10/22,0.001887934
2010/10/25,0.025807545
2010/10/26,-0.002386769
2010/10/27,-0.013587299
2010/10/28,-0.00095819
2010/10/29,-0.001326994
2010/11/1,0.026268921
2010/11/2,-0.00474354
2010/11/3,-0.009217467
2010/11/4,0.017860044
2010/11/5,0.013440909
2010/11/8,0.011348233
2010/11/9,-0.005252228
2010/11/10,-0.003232513
2010/11/11,0.007979786
2010/11/12,-0.053992847
2010/11/15,0.01277582
2010/11/16,-0.040842942
2010/11/17,-0.023149364
2010/11/18,0.011864753
2010/11/19,0.011938659
2010/11/22,0.001631457
2010/11/23,-0.017449108
2010/11/24,0.01353737
2010/11/25,0.011495018
2010/11/26,-0.008016443
2010/11/29,8.36E-05
2010/11/30,-0.017712385
2010/12/1,-0.000118068
2010/12/2,0.0067659
2010/12/3,-0.001113885
2010/12/6,0.001931694
2010/12/7,0.008353469
2010/12/8,-0.008259361
2010/12/9,-0.015416245
2010/12/10,0.010938553
2010/12/13,0.029353852
2010/12/14,0.003645109
2010/12/15,-0.005428101
2010/12/16,-0.003263226
2010/12/17,-0.001654545
2010/12/20,-0.014319877
2010/12/21,0.016977885
2010/12/22,-0.008830445
2010/12/23,-0.010279641
2010/12/24,-0.009193613
2010/12/27,-0.020621281
2010/12/28,-0.017866954
2010/12/29,0.00834577
2010/12/30,0.003404149
2010/12/31,0.017714033
2011/1/4,0.015676054
2011/1/5,-0.004288169
2011/1/6,-0.005197196
2011/1/7,0.002649317
2011/1/10,-0.019213991
2011/1/11,0.002968112
2011/1/12,0.005757764
2011/1/13,0.002276719
2011/1/14,-0.013891774
2011/1/17,-0.033201962
2011/1/18,0.001532073
2011/1/19,0.018856401
2011/1/20,-0.031029376
2011/1/21,0.012011956
2011/1/24,-0.010399753
2011/1/25,-0.007710235
2011/1/26,0.012270349
2011/1/27,0.014786442
2011/1/28,0.003302474
2011/1/31,0.012306032
2011/2/1,0.003132956
2011/2/9,-0.009341759
2011/2/10,0.019369182
2011/2/11,0.005109166
2011/2/14,0.024859446
2011/2/15,-0.000196797
2011/2/16,0.01041121
2011/2/17,0.001027518
2011/2/18,-0.009192865
2011/2/21,0.013230264
2011/2/22,-0.025850145
2011/2/23,0.003099961
2011/2/24,0.005516347
2011/2/25,0.000343026
2011/2/28,0.010233635
2011/3/1,0.00458594
2011/3/2,-0.00178901
2011/3/3,-0.006370484
2011/3/4,0.013388835
2011/3/7,0.017955539
2011/3/8,0.001622226
2011/3/9,0.000919707
2011/3/10,-0.013593181
2011/3/11,-0.007229039
2011/3/14,0.003387557
2011/3/15,-0.014306618
2011/3/16,0.012350193
2011/3/17,-0.012640378
2011/3/18,0.003709958
2011/3/21,-0.000680552
2011/3/22,0.002717951
2011/3/23,0.010398803
2011/3/24,-0.000141212
2011/3/25,0.00998758
2011/3/28,-3.40E-05
2011/3/29,-0.010788408
2011/3/30,-0.001772821
2011/3/31,-0.009778683
2011/4/1,0.012426232
2011/4/6,0.007915737
2011/4/7,0.002932758
2011/4/8,0.008485914
2011/4/11,-0.00394966
2011/4/12,-0.000567915
2011/4/13,0.009457886
2011/4/14,-0.003354571
2011/4/15,0.001910307
2011/4/18,0.002232298
2011/4/19,-0.017313312
2011/4/20,0.002627593
2011/4/21,0.00687582
2011/4/22,-0.005308207
2011/4/25,-0.016361715
2011/4/26,-0.009703267
2011/4/27,-0.005809988
2011/4/28,-0.016531487
2011/4/29,0.010299713
2011/5/3,0.008492958
2011/5/4,-0.022934042
2011/5/5,0.001696564
2011/5/6,-0.00168824
2011/5/9,0.003737207
2011/5/10,0.006153432
2011/5/11,-0.00144024
2011/5/12,-0.013363735
2011/5/13,0.00855222
2011/5/16,-0.006554546
2011/5/17,0.00046582
2011/5/18,0.006744937
2011/5/19,-0.004189035
2011/5/20,-0.000994196
2011/5/23,-0.031288848
2011/5/24,-0.002033243
2011/5/25,-0.009399261
2011/5/26,-0.003399046
2011/5/27,-0.011408045
2011/5/30,-0.003662188
2011/5/31,0.014782779
2011/6/1,0.003251851
2011/6/2,-0.014042751
2011/6/3,0.010383507
2011/6/7,0.007024395
2011/6/8,0.002944136
2011/6/9,-0.017050412
2011/6/10,0.00263097
2011/6/13,-0.000767873
2011/6/14,0.012145199
2011/6/15,-0.007063063
2011/6/16,-0.016084077
2011/6/17,-0.007990612
2011/6/20,-0.008988911
2011/6/21,0.011136367
2011/6/22,0.000434011
2011/6/23,0.016217685
2011/6/24,0.02168308
2011/6/27,0.00504579
2011/6/28,0.00093131
2011/6/29,-0.010923926
2011/6/30,0.012836795
2011/7/1,0.001454104
2011/7/4,0.020535303
2011/7/5,0.002679937
2011/7/6,-0.00022339
2011/7/7,-0.004389049
2011/7/8,0.000785047
2011/7/11,0.003341441
2011/7/12,-0.01667615
2011/7/13,0.015250782
2011/7/14,0.005334244
2011/7/15,0.004508072
2011/7/18,-0.001400824
2011/7/19,-0.00782429
2011/7/20,-0.000444499
2011/7/21,-0.010123657
2011/7/22,0.002814397
2011/7/25,-0.031477991
2011/7/26,0.005375659
2011/7/27,0.009331987
2011/7/28,-0.004669687
2011/7/29,-0.004459959
2011/8/1,0.001476437
2011/8/2,-0.008362208
2011/8/3,0.000313573
2011/8/4,0.002456198
2011/8/5,-0.021321696
2011/8/8,-0.040698573
2011/8/9,-0.000583595
2011/8/10,0.010623899
2011/8/11,0.013865762
2011/8/12,0.005743366
2011/8/15,0.013162383
2011/8/16,-0.007218771
2011/8/17,-0.002979113
2011/8/18,-0.016523582
2011/8/19,-0.00956247
2011/8/22,-0.008315342
2011/8/23,0.015105115
2011/8/24,-0.003616273
2011/8/25,0.027025482
2011/8/26,-8.52E-05
2011/8/29,-0.012326263
2011/8/30,-0.004782008
2011/8/31,-0.000389394
2011/9/1,-0.004671723
2011/9/2,-0.010804332
2011/9/5,-0.020957135
2011/9/6,-0.005380675
2011/9/7,0.019741501
2011/9/8,-0.007287796
2011/9/9,-0.001859541
2011/9/13,-0.011923883
2011/9/14,0.006261946
2011/9/15,0.00024056
2011/9/16,0.001333475
2011/9/19,-0.0180869
2011/9/20,0.004037745
2011/9/21,0.026575766
2011/9/22,-0.028565449
2011/9/23,-0.005674618
2011/9/26,-0.016850539
2011/9/27,0.008204679
2011/9/28,-0.010581085
2011/9/29,-0.014515093
2011/9/30,-0.002219404
2011/10/10,-0.006159157
2011/10/11,-0.000667006
2011/10/12,0.030533978
2011/10/13,0.00899145
2011/10/14,-0.003537494
2011/10/17,0.004328357
2011/10/18,-0.025427633
2011/10/19,-0.003095099
2011/10/20,-0.021612377
2011/10/21,-0.008643519
2011/10/24,0.022121713
2011/10/25,0.018563321
2011/10/26,0.008239394
2011/10/27,0.00263845
2011/10/28,0.017119446
2011/10/31,-0.001161604
2011/11/1,0.000642832
2011/11/2,0.014766043
2011/11/3,0.002865242
2011/11/4,0.007777111
2011/11/7,-0.006919742
2011/11/8,-0.003497686
2011/11/9,0.009848364
2011/11/10,-0.017046195
2011/11/11,0.00020196
2011/11/14,0.020609008
2011/11/15,0.000522458
2011/11/16,-0.025245122
2011/11/17,-0.001378088
2011/11/18,-0.020846042
2011/11/21,-0.00010099
2011/11/22,-0.000946414
2011/11/23,-0.006913195
2011/11/24,0.001314218
2011/11/25,-0.006935334
2011/11/28,0.001242756
2011/11/29,0.012721724
2011/11/30,-0.034505204
2011/12/1,0.022371829
2011/12/2,-0.012692967
2011/12/5,-0.016089271
2011/12/6,-0.001904041
2011/12/7,0.002957038
2011/12/8,-0.001109777
2011/12/9,-0.007186755
2011/12/12,-0.010875854
2011/12/13,-0.020885774
2011/12/14,-0.010319728
2011/12/15,-0.022205296
2011/12/16,0.021358594
2011/12/19,-0.001798455
2011/12/20,-0.001394296
2011/12/21,-0.014101148
2011/12/22,-0.003561908
2011/12/23,0.008596311
2011/12/26,-0.007530459
2011/12/27,-0.014469038
2011/12/28,0.000617749
2011/12/29,0.001967437
2011/12/30,0.012859772
2012/1/4,-0.016412718
2012/1/5,-0.015406308
2012/1/6,0.006608094
2012/1/9,0.030272089
2012/1/10,0.029263816
2012/1/11,-0.00339047
2012/1/12,-0.000669042
2012/1/13,-0.017351275
2012/1/16,-0.020548345
2012/1/17,0.042711253
2012/1/18,-0.016802252
2012/1/19,0.013399419
2012/1/20,0.011289507
2012/1/30,-0.013481305
2012/1/31,0.002417071
2012/2/1,-0.009869563
2012/2/2,0.01928772
2012/2/3,0.008916445
2012/2/6,0.001846214
2012/2/7,-0.017067178
2012/2/8,0.024995192
2012/2/9,0.002080706
2012/2/10,0.001745897
2012/2/13,0.001585641
2012/2/14,-0.002470587
2012/2/15,0.010497673
2012/2/16,-0.003621697
2012/2/17,-0.000554501
2012/2/20,0.002508109
2012/2/21,0.008533337
2012/2/22,0.011600297
2012/2/23,0.002897595
2012/2/24,0.01286793
2012/2/27,0.003311197
2012/2/28,-1.47E-05
2012/2/29,-0.010399237
2012/3/1,-0.00014035
2012/3/2,0.015823891
2012/3/5,-0.005542141
2012/3/6,-0.013516198
2012/3/7,-0.00636681
2012/3/8,0.010961775
2012/3/9,0.009853902
2012/3/12,-0.000950287
2012/3/13,0.009150785
2012/3/14,-0.029789496
2012/3/15,-0.00700661
2012/3/16,0.015293836
2012/3/19,0.004402828
2012/3/20,-0.015331484
2012/3/21,0.000550525
2012/3/22,-0.001809667
2012/3/23,-0.012477651
2012/3/26,0.000387415
2012/3/27,-0.002401729
2012/3/28,-0.030357682
2012/3/29,-0.014995386
2012/3/30,0.002892599
2012/4/5,0.020544716
2012/4/6,0.003292049
2012/4/9,-0.009454823
2012/4/10,0.009059532
2012/4/11,0.001961875
2012/4/12,0.018301276
2012/4/13,0.004142611
2012/4/16,-0.000995143
2012/4/17,-0.010795703
2012/4/18,0.01972017
2012/4/19,-0.001694079
2012/4/20,0.010763347
2012/4/23,-0.009536067
2012/4/24,-0.001760925
2012/4/25,0.00846988
2012/4/26,-0.001040375
2012/4/27,-0.003563371
2012/5/2,0.017510453
2012/5/3,0.001644974
2012/5/4,0.006234572
2012/5/7,0.001977091
2012/5/8,-0.002154705
2012/5/9,-0.017025332
2012/5/10,0.001096068
2012/5/11,-0.006201043
2012/5/14,-0.005157389
2012/5/15,-0.001756929
2012/5/16,-0.012612204
2012/5/17,0.013495147
2012/5/18,-0.014498917
2012/5/21,0.002205941
2012/5/22,0.011718329
2012/5/23,-0.003464227
2012/5/24,-0.006523814
2012/5/25,-0.008077844
2012/5/28,0.013327444
2012/5/29,0.011943074
2012/5/30,-0.00151743
2012/5/31,-0.002586789
2012/6/1,0.000438598
2012/6/4,-0.027975862
2012/6/5,0.00078387
2012/6/6,-0.001375785
2012/6/7,-0.004691022
2012/6/8,-0.004817453
2012/6/11,0.013600565
2012/6/12,-0.005792458
2012/6/13,0.014976871
2012/6/14,-0.006417573
2012/6/15,0.003658347
2012/6/18,0.00535402
2012/6/19,-0.006936933
2012/6/20,-0.001231429
2012/6/21,-0.014046526
2012/6/25,-0.018660796
2012/6/26,-0.000321609
2012/6/27,-0.002045609
2012/6/28,-0.009475297
2012/6/29,0.012853368
2012/7/2,0.003512908
2012/7/3,0.002318905
2012/7/4,-0.001627961
2012/7/5,-0.012740948
2012/7/6,0.013598772
2012/7/9,-0.023621087
2012/7/10,-0.004159274
2012/7/11,0.006831279
2012/7/12,0.007406211
2012/7/13,-0.000441464
2012/7/16,-0.021884744
2012/7/17,0.005796549
2012/7/18,0.003105064
2012/7/19,0.007945981
2012/7/20,-0.007863096
2012/7/23,-0.012439904
2012/7/24,0.003778799
2012/7/25,-0.005400536
2012/7/26,-0.005668775
2012/7/27,-0.000260371
2012/7/30,-0.010070637
2012/7/31,-0.005102319
2012/8/1,0.011033742
2012/8/2,-0.006850427
2012/8/3,0.012129593
2012/8/6,0.013305494
2012/8/7,0.002702378
2012/8/8,0.000789078
2012/8/9,0.008237823
2012/8/10,-0.002899212
2012/8/13,-0.016437966
2012/8/14,0.00404465
2012/8/15,-0.010128786
2012/8/16,-0.004373172
2012/8/17,-8.87E-05
2012/8/20,-0.00232677
2012/8/21,0.007170561
2012/8/22,-0.005936887
2012/8/23,0.003185744
2012/8/24,-0.012281431
2012/8/27,-0.019183028
2012/8/28,0.00768068
2012/8/29,-0.009207268
2012/8/30,-0.003986966
2012/8/31,-0.001053473
2012/9/3,0.009636163
2012/9/4,-0.008446486
2012/9/5,-0.000909153
2012/9/6,0.00751709
2012/9/7,0.036416616
2012/9/10,0.00464004
2012/9/11,-0.005989237
2012/9/12,0.003674735
2012/9/13,-0.009138211
2012/9/14,0.005645554
2012/9/17,-0.022951151
2012/9/18,-0.006888643
2012/9/19,0.004881239
2012/9/20,-0.023195221
2012/9/21,8.85E-05
2012/9/24,0.004429045
2012/9/25,-0.002548629
2012/9/26,-0.01493212
2012/9/27,0.026058878
2012/9/28,0.015632797
2012/10/8,-0.006249053
2012/10/9,0.021109305
2012/10/10,0.004167018
2012/10/11,-0.009716753
2012/10/12,0.000234044
2012/10/15,-0.003449327
2012/10/16,0.000809579
2012/10/17,0.002701832
2012/10/18,0.01375407
2012/10/19,-0.001631099
2012/10/22,0.002553895
2012/10/23,-0.009874662
2012/10/24,-0.000289955
2012/10/25,-0.0072907
2012/10/26,-0.017843424
2012/10/29,-0.003036889
2012/10/30,0.001392646
2012/10/31,0.003475585
2012/11/1,0.017567244
2012/11/2,0.005221969
2012/11/5,-0.002452598
2012/11/6,-0.004631065
2012/11/7,-0.000541451
2012/11/8,-0.018190542
2012/11/9,-0.002130332
2012/11/12,0.00509838
2012/11/13,-0.016476422
2012/11/14,0.003531051
2012/11/15,-0.013294986
2012/11/16,-0.008146276
2012/11/19,0.000780379
2012/11/20,-0.003589745
2012/11/21,0.01077078
2012/11/22,-0.008419856
2012/11/23,0.005387245
2012/11/26,-0.007435165
2012/11/27,-0.01644372
2012/11/28,-0.011798283
2012/11/29,-0.006105903
2012/11/30,0.009848915
2012/12/3,-0.014284952
2012/12/4,0.00937262
2012/12/5,0.030163387
2012/12/6,-0.001398584
2012/12/7,0.017211663
2012/12/10,0.011146703
2012/12/11,-0.005002374
2012/12/12,0.003154017
2012/12/13,-0.010858998
2012/12/14,0.041515543
2012/12/17,0.005045395
2012/12/18,-0.000170936
2012/12/19,0.001575304
2012/12/20,0.003228252
2012/12/21,-0.005140766
2012/12/24,0.003063952
2012/12/25,0.024724722
2012/12/26,0.005459824
2012/12/27,-0.005704717
2012/12/28,0.012372599
2012/12/31,0.014657737
2013/1/4,0.000732896
2013/1/7,0.004945345
2013/1/8,-0.000809845
2013/1/9,0.000921651
2013/1/10,0.003972156
2013/1/11,-0.018390383
2013/1/14,0.031554726
2013/1/15,0.007968867
2013/1/16,-0.005628545
2013/1/17,-0.010568206
2013/1/18,0.014511948
2013/1/21,0.005410953
2013/1/22,-0.007947871
2013/1/23,0.002021308
2013/1/24,-0.010823411
2013/1/25,-0.004104146
2013/1/28,0.023509656
2013/1/29,0.006168966
2013/1/30,0.008170804
2013/1/31,-0.001954057
2013/2/1,0.012437104
2013/2/4,-0.001946281
2013/2/5,0.008546102
2013/2/6,0.003775977
2013/2/7,-0.001907771
2013/2/8,0.009112858
2013/2/18,-0.003786173
2013/2/19,-0.018038257
2013/2/20,0.011770605
2013/2/21,-0.028605293
2013/2/22,-0.00417914
2013/2/25,0.006691591
2013/2/26,-0.013923934
2013/2/27,0.006718875
2013/2/28,0.025934416
2013/3/1,0.004515822
2013/3/4,-0.041981126
2013/3/5,0.027211639
2013/3/6,0.012910496
2013/3/7,-0.011704868
2013/3/8,-0.006986225
2013/3/11,-0.003136378
2013/3/12,-0.01913532
2013/3/13,-0.010238359
2013/3/14,0.003129549
2013/3/15,0.001931644
2013/3/18,-0.014126937
2013/3/19,0.006434544
2013/3/20,0.030299306
2013/3/21,0.005887945
2013/3/22,0.002336397
2013/3/25,-0.001410818
2013/3/26,-0.011432092
2013/3/27,0.003197042
2013/3/28,-0.031988891
2013/3/29,-0.000794409
2013/4/1,0.002487809
2013/4/2,-0.007713908
2013/4/3,-0.00481167
2013/4/8,-0.000949027
2013/4/9,0.008432612
2013/4/10,-0.00256665
2013/4/11,-0.003187006
2013/4/12,-0.007144849
2013/4/15,-0.011966664
2013/4/16,0.009571749
2013/4/17,0.00411716
2013/4/18,0.00308791
2013/4/19,0.02464672
2013/4/22,0.002254501
2013/4/23,-0.030891414
2013/4/24,0.020236162
2013/4/25,-0.013938519
2013/4/26,-0.012776307
2013/5/2,0.002887293
2013/5/3,0.018809834
2013/5/6,0.015458646
2013/5/7,0.00189275
2013/5/8,0.004841855
2013/5/9,-0.004302522
2013/5/10,0.005868437
2013/5/13,-9.68E-05
2013/5/14,-0.013268149
2013/5/15,0.009233743
2013/5/16,0.014208056
2013/5/17,0.015014512
2013/5/20,0.01084188
2013/5/21,0.007048315
2013/5/22,-0.003699315
2013/5/23,-0.01048008
2013/5/24,0.010587014
2013/5/27,0.005589784
2013/5/28,0.008999603
2013/5/29,0.002893933
2013/5/30,-0.000582657
2013/5/31,-0.008274129
2013/6/3,-0.003480472
2013/6/4,-0.017155729
2013/6/5,0.001523262
2013/6/6,-0.014401218
2013/6/7,-0.016547923
2013/6/13,-0.031038929
2013/6/14,0.013839324
2013/6/17,-0.000571004
2013/6/18,0.005120086
2013/6/19,-0.006061969
2013/6/20,-0.033693809
2013/6/21,-0.003143346
2013/6/24,-0.065938258
2013/6/25,-0.002955966
2013/6/26,0.01227969
2013/6/27,-0.009864205
2013/6/28,0.009598146
2013/7/1,0.015085284
2013/7/2,0.010443513
2013/7/3,-0.003295811
2013/7/4,0.007583765
2013/7/5,-0.001927055
2013/7/8,-0.032991127
2013/7/9,0.002809073
2013/7/10,0.028982555
2013/7/11,0.037899914
2013/7/12,-0.014522648
2013/7/15,0.018151029
2013/7/16,0.008111693
2013/7/17,-0.014897203
2013/7/18,-0.009284644
2013/7/19,-0.024511699
2013/7/22,0.013265736
2013/7/23,0.027013249
2013/7/24,3.20E-07
2013/7/25,-0.012780846
2013/7/26,-0.002944966
2013/7/29,-0.020283257
2013/7/30,0.00157156
2013/7/31,0.003458634
2013/8/1,0.025845423
2013/8/2,0.002167643
2013/8/5,0.01481749
2013/8/6,0.008596592
2013/8/7,-0.008627727
2013/8/8,0.001184168
2013/8/9,0.003542273
2013/8/12,0.021352032
2013/8/13,0.004661724
2013/8/14,-0.003172985
2013/8/15,-0.011382147
2013/8/16,-0.014787195
2013/8/19,0.015970811
2013/8/20,-0.00456
2013/8/21,0.002484441
2013/8/22,0.000460241
2013/8/23,-0.004402167
2013/8/26,0.021207902
2013/8/27,0.005492889
2013/8/28,-0.007255519
2013/8/29,-0.002132604
2013/8/30,-0.007530464
2013/9/2,0.005312224
2013/9/3,0.015421606
2013/9/4,0.00018883
2013/9/5,-0.000262398
2013/9/6,0.007700345
2013/9/9,0.022492528
2013/9/10,0.011768377
2013/9/11,-0.003876054
2013/9/12,0.006375052
2013/9/13,-0.002203903
2013/9/16,4.41E-05
2013/9/17,-0.019168364
2013/9/18,0.005886568
2013/9/23,0.018425748
2013/9/24,-0.005201244
2013/9/25,-0.005312309
2013/9/26,-0.019198629
2013/9/27,0.003908501
2013/9/30,0.010337405
2013/10/8,0.015022548
2013/10/9,0.009052349
2013/10/10,-0.009142283
2013/10/11,0.015375214
2013/10/14,0.005888231
2013/10/15,-0.001061964
2013/10/16,-0.024578198
2013/10/17,-0.002327876
2013/10/18,0.005711602
2013/10/21,0.022062215
2013/10/22,-0.011071344
2013/10/23,-0.018411403
2013/10/24,-0.007548972
2013/10/25,-0.016218066
2013/10/28,-0.001225153
2013/10/29,-0.01156571
2013/10/30,0.015533604
2013/10/31,-0.013937807
2013/11/1,0.00029053
2013/11/4,0.002072609
2013/11/5,0.007821771
2013/11/6,-0.011004264
2013/11/7,-0.009580422
2013/11/8,-0.01446405
2013/11/11,0.004553818
2013/11/12,0.010326419
2013/11/13,-0.02072759
2013/11/14,0.011063686
2013/11/15,0.020347199
2013/11/18,0.028689174
2013/11/19,-0.001657211
2013/11/20,0.007285025
2013/11/21,-0.004693047
2013/11/22,-0.004745776
2013/11/25,-0.001818251
2013/11/26,0.001170151
2013/11/27,0.012490767
2013/11/28,0.009104023
2013/11/29,0.004596536
2013/12/2,-0.031240964
2013/12/3,0.014091383
2013/12/4,0.01367393
2013/12/5,-0.003420148
2013/12/6,-0.00479365
2013/12/9,0.004959743
2013/12/10,0.000961779
2013/12/11,-0.013209417
2013/12/12,0.002643018
2013/12/13,0.001180664
2013/12/16,-0.015573323
2013/12/17,-0.00566106
2013/12/18,-0.000560691
2013/12/19,-0.009740343
2013/12/20,-0.018177643
2013/12/23,-6.33E-05
2013/12/24,0.005143603
2013/12/25,0.01091071
2013/12/26,-0.017811243
2013/12/27,0.017102972
2013/12/30,0.001642481
2013/12/31,0.007681687
2014/1/2,0.002642954
2014/1/3,-0.009228975
2014/1/6,-0.025351535
2014/1/7,0.003801334
2014/1/8,0.004352954
2014/1/9,-0.012025526
2014/1/10,-0.012544602
2014/1/13,-0.003785861
2014/1/14,0.014265983
2014/1/15,0.003200571
2014/1/16,0.000629177
2014/1/17,-0.012468441
2014/1/20,-0.006876325
2014/1/21,0.013265733
2014/1/22,0.024708255
2014/1/23,0.001642991
2014/1/24,0.010243294
2014/1/27,-0.007801223
2014/1/28,-0.000216307
2014/1/29,0.007473875
2014/1/30,-0.007979896
2014/2/7,0.012318022
2014/2/10,0.026057787
2014/2/11,0.00434166
2014/2/12,0.007649355
2014/2/13,-0.011796952
2014/2/14,0.013424811
2014/2/17,0.014506279
2014/2/18,-0.006412637
2014/2/19,0.005777946
2014/2/20,-0.0126262
2014/2/21,-0.007027142
2014/2/24,-0.009718496
2014/2/25,-0.033572814
2014/2/26,0.004395181
2014/2/27,-0.009873825
2014/2/28,0.011196797
2014/3/3,0.013989322
2014/3/4,-0.001212406
2014/3/5,-0.005869183
2014/3/6,0.002321392
2014/3/7,-0.003048911
2014/3/10,-0.036045155
2014/3/11,0.001896657
2014/3/12,0.000303769
2014/3/13,0.012909758
2014/3/14,-0.005391626
2014/3/17,0.016164643
2014/3/18,0.00188573
2014/3/19,-0.004573607
2014/3/20,-0.022461472
2014/3/21,0.025760096
2014/3/24,0.006251211
2014/3/25,-0.000434119
2014/3/26,0.001406991
2014/3/27,-0.013527584
2014/3/28,-0.013477909
2014/3/31,-0.005162102
2014/4/1,0.012564854
2014/4/2,0.002365372
2014/4/3,-0.003918471
2014/4/4,0.010945535
2014/4/8,0.016657622
2014/4/9,0.005656609
2014/4/10,0.010423453
2014/4/11,-0.003179902
2014/4/14,0.00341413
2014/4/15,-0.012083043
2014/4/16,0.000935561
2014/4/17,-0.001832179
2014/4/18,0.002111535
2014/4/21,-0.01662393
2014/4/22,-0.002010576
2014/4/23,-0.00252986
2014/4/24,-0.006403167
2014/4/25,-0.016805481
2014/4/28,-0.025596775
2014/4/29,0.012746376
2014/4/30,0.005456252
2014/5/5,0.005333869
2014/5/6,0.003990947
2014/5/7,-0.013926527
2014/5/8,0.000294445
2014/5/9,-0.005733127
2014/5/12,0.02324531
2014/5/13,-0.00165768
2014/5/14,-0.000345407
2014/5/15,-0.016785116
2014/5/16,-0.001094122
2014/5/19,-0.009524971
2014/5/20,0.002657627
2014/5/21,0.009530686
2014/5/22,-0.000612387
2014/5/23,0.010231425
2014/5/26,0.008631156
2014/5/27,-0.003861076
2014/5/28,0.01205509
2014/5/29,-0.009456212
2014/5/30,0.001842684
2014/6/3,-0.002223661
2014/6/4,-0.008900608
2014/6/5,0.01240672
2014/6/6,-0.004646098
2014/6/9,-0.003426369
2014/6/10,0.013142443
2014/6/11,0.00309473
2014/6/12,-0.001815275
2014/6/13,0.011436447
2014/6/16,0.007347549
2014/6/17,-0.009439922
2014/6/18,-0.00563675
2014/6/19,-0.022779145
2014/6/20,0.008364206
2014/6/23,0.005387812
2014/6/24,0.007198526
2014/6/25,-0.004696872
2014/6/26,0.011628586
2014/6/27,0.004914799
2014/6/30,0.008975293
2014/7/1,0.003574479
2014/7/2,0.004974003
2014/7/3,0.006528185
2014/7/4,-0.000983165
2014/7/7,-0.000396507
2014/7/8,0.005202224
2014/7/9,-0.015318401
2014/7/10,-0.000587258
2014/7/11,0.007693996
2014/7/14,0.012929649
2014/7/15,-0.001339931
2014/7/16,-0.006299012
2014/7/17,-0.005415685
2014/7/18,0.00308036
2014/7/21,-0.000964724
2014/7/22,0.013357047
2014/7/23,-0.004301534
2014/7/24,0.00660075
2014/7/25,0.010378774
2014/7/28,0.023656734
2014/7/29,0.008037346
2014/7/30,0.001271835
2014/7/31,0.010559787
2014/8/1,-0.01045035
2014/8/4,0.017907199
2014/8/5,0.00277638
2014/8/6,0.002325748
2014/8/7,-0.012195136
2014/8/8,0.005197018
2014/8/11,0.015411925
2014/8/12,0.001548892
2014/8/13,0.000452071
2014/8/14,-0.007444885
2014/8/15,0.0114032
2014/8/18,0.011448978
2014/8/19,0.002602521
2014/8/20,-0.001872866
2014/8/21,-0.001305562
2014/8/22,0.006293893
2014/8/25,-0.008558728
2014/8/26,-0.014379122
2014/8/27,0.00343312
2014/8/28,-0.008519115
2014/8/29,0.011834651
2014/9/1,0.01376945
2014/9/2,0.015178433
2014/9/3,0.008753709
2014/9/4,0.008881452
2014/9/5,0.006901649
2014/9/9,0.003172022
2014/9/10,0.000554591
2014/9/11,-0.001952284
2014/9/12,0.009967685
2014/9/15,0.006062212
2014/9/16,-0.028787684
2014/9/17,0.007146784
2014/9/18,0.005809889
2014/9/19,0.009094663
2014/9/22,-0.015741119
2014/9/23,0.012127893
2014/9/24,0.016169907
2014/9/25,-0.000550348
2014/9/26,0.002735452
2014/9/29,0.008072904
2014/9/30,0.005015635
2014/10/8,0.013685236
2014/10/9,0.002878312
2014/10/10,-0.005117944
2014/10/13,-0.00234399
2014/10/14,-0.003071145
2014/10/15,0.006054726
2014/10/16,-0.012488231
2014/10/17,-0.007201902
2014/10/20,0.011083422
2014/10/21,-0.00895421
2014/10/22,-0.009797318
2014/10/23,-0.014154423
2014/10/24,0.000606728
2014/10/27,0.000323523
2014/10/28,0.024480427
2014/10/29,0.01509971
2014/10/30,0.003478139
2014/10/31,0.005966698
2014/11/3,0.007070344
2014/11/4,-0.002986387
2014/11/5,-0.002263907
2014/11/6,0.005322637
2014/11/7,-0.005836291
2014/11/10,0.016544938
2014/11/11,-0.019619832
2014/11/12,0.016299821
2014/11/13,-0.009888016
2014/11/14,-0.001793324
2014/11/17,0.004507882
2014/11/18,-0.002520556
2014/11/19,0.003060875
2014/11/20,-0.000580271
2014/11/21,0.014823885
2014/11/24,0.018682697
2014/11/25,0.01517807
2014/11/26,0.010378062
2014/11/27,0.010043813
2014/11/28,0.009897401
2014/12/1,-0.003294227
2014/12/2,0.024936286
2014/12/3,0.01270531
2014/12/4,0.031741785
2014/12/5,-0.008701705
2014/12/8,0.024035147
2014/12/9,-0.047842592
2014/12/10,0.036458618
2014/12/11,0.001497571
2014/12/12,0.007129307
2014/12/15,0.012202577
2014/12/16,0.014407948
2014/12/17,0.003737579
2014/12/18,-0.003511554
2014/12/19,0.000410065
2014/12/22,-0.020516571
2014/12/23,-0.020744418
2014/12/24,-0.007086015
2014/12/25,0.02551752
2014/12/26,0.021581121
2014/12/29,-0.00647479
2014/12/30,-0.008280113
2014/12/31,0.016590765
2015/1/5,0.022454387
2015/1/6,0.006970992
2015/1/7,0.000827793
2015/1/8,-0.015373555
2015/1/9,-0.004735528
2015/1/12,-0.011710287
2015/1/13,0.006974549
2015/1/14,-0.003709492
2015/1/15,0.020897749
2015/1/16,0.010922067
2015/1/19,-0.062022635
2015/1/20,0.023906285
2015/1/21,0.036589513
2015/1/22,0.010523854
2015/1/23,-0.003467788
2015/1/26,0.015748219
2015/1/27,-0.002534709
2015/1/28,-0.010017571
2015/1/29,-0.009656246
2015/1/30,-0.013116617
2015/2/2,-0.014795963
2015/2/3,0.022271173
2015/2/4,-0.006648599
2015/2/5,-0.007027047
2015/2/6,-0.019375698
2015/2/9,0.001985284
2015/2/10,0.016154708
2015/2/11,0.010611288
2015/2/12,0.005686405
2015/2/13,0.012771428
2015/2/16,0.014493618
2015/2/17,0.007607448
2015/2/25,-0.007417937
2015/2/26,0.017688151
2015/2/27,0.006650809
2015/3/2,0.015702823
2015/3/3,-0.016090438
2015/3/4,0.012195625
2015/3/5,-0.003057804
2015/3/6,-0.008979052
2015/3/9,0.016257358
2015/3/10,0.00450975
2015/3/11,0.000329329
2015/3/12,0.00798263
2015/3/13,0.011125465
2015/3/16,0.029033705
2015/3/17,0.014552062
2015/3/18,0.021777634
2015/3/19,0.003297685
2015/3/20,0.013259796
2015/3/23,0.024494607
2015/3/24,0.004438692
2015/3/25,0.002043032
2015/3/26,-0.005618967
2015/3/27,0.008885406
2015/3/30,0.018726216
2015/3/31,-0.002750166
2015/4/1,0.022906107
2015/4/2,0.012309028
2015/4/3,0.016455253
2015/4/7,0.023486979
2015/4/8,-0.000315943
2015/4/9,-0.008529061
2015/4/10,0.024712896
2015/4/13,0.020622704
2015/4/14,0.002020017
2015/4/15,-0.028173633
2015/4/16,0.021748131
2015/4/17,0.012999208
2015/4/20,-0.019165347
2015/4/21,0.031237111
2015/4/22,0.02903686
2015/4/23,0.00642163
2015/4/24,-0.003458811
2015/4/27,0.01625486
2015/4/28,-0.022861957
2015/4/29,0.015424574
2015/4/30,0.000518008
2015/5/4,0.0087862
2015/5/5,-0.037704636
2015/5/6,-0.009781965
2015/5/7,-0.020782523
2015/5/8,0.033364575
2015/5/11,0.040550887
2015/5/12,0.020468477
2015/5/13,0.001870595
2015/5/14,0.001471745
2015/5/15,-0.011118573
2015/5/18,0.00981347
2015/5/19,0.031242153
2015/5/20,0.014979267
2015/5/21,0.029798409
2015/5/22,0.019908887
2015/5/25,0.027208898
2015/5/26,0.031616102
2015/5/27,0.008143605
2015/5/28,-0.068135377
2015/5/29,0.008452435
2015/6/1,0.053428162
2015/6/2,0.031490493
2015/6/3,0.002926461
2015/6/4,0.001219749
2015/6/5,0.013756084
2015/6/8,0.000875812
2015/6/9,-0.002714961
2015/6/10,0.012369873
2015/6/11,0.011675446
2015/6/12,0.01283518
2015/6/15,-0.021891121
2015/6/16,-0.040340583
2015/6/17,0.019577508
2015/6/18,-0.040837652
2015/6/19,-0.072630263
2015/6/23,0.017111794
2015/6/24,0.023712376
2015/6/25,-0.041126787
2015/6/26,-0.092215572
2015/6/29,-0.060870698
2015/6/30,0.060483414
2015/7/1,-0.061540449
2015/7/2,-0.062388476
2015/7/3,-0.070796938
2015/7/6,-0.010210543
2015/7/7,-0.053381469
2015/7/8,-0.079883747
2015/7/9,0.082938939
2015/7/10,0.073807882
2015/7/13,0.053402067
2015/7/14,0.004051589
2015/7/15,-0.05433686
2015/7/16,0.013958337
2015/7/17,0.056244412
2015/7/20,0.015611486
2015/7/21,0.013565993
2015/7/22,0.008543997
2015/7/23,0.032200208
2015/7/24,-0.01681351
2015/7/27,-0.095489883
2015/7/28,-0.022964801
2015/7/29,0.046906233
2015/7/30,-0.033366015
2015/7/31,-0.011699632
2015/8/3,-0.025005707
2015/8/4,0.052362289
2015/8/5,-0.015555357
2015/8/6,-0.007659319
2015/8/7,0.031969337
2015/8/10,0.055288712
2015/8/11,0.002708885
2015/8/12,-0.014848258
2015/8/13,0.024796817
2015/8/14,0.005818291
2015/8/17,0.01228059
2015/8/18,-0.082570956
2015/8/19,0.023355463
2015/8/20,-0.038918678
2015/8/21,-0.06087111
2015/8/24,-0.102049135
2015/8/25,-0.09136282
2015/8/26,-0.030222329
2015/8/27,0.053942871
2015/8/28,0.061880563
2015/8/31,-0.021943271
2015/9/1,-0.041785468
2015/9/2,-0.018312577
2015/9/7,-0.011526994
2015/9/8,0.042061792
2015/9/9,0.03328492
2015/9/10,-0.016762581
2015/9/11,0.005030193
2015/9/14,-0.056110987
2015/9/15,-0.057250449
2015/9/16,0.067908939
2015/9/17,-0.022654176
2015/9/18,0.011204458
2015/9/21,0.032403321
2015/9/22,0.009163026
2015/9/23,-0.018376413
2015/9/24,0.01266473
2015/9/25,-0.031454296
2015/9/28,0.015662276
2015/9/29,-0.021403238
2015/9/30,0.005235485
2015/10/8,0.04063592
2015/10/9,0.016681987
2015/10/12,0.043065687
2015/10/13,0.008058354
2015/10/14,-0.013642906
2015/10/15,0.032570822
2015/10/16,0.01728464
2015/10/19,0.000404262
2015/10/20,0.018004663
2015/10/21,-0.057669393
2015/10/22,0.032176168
2015/10/23,0.025811167
2015/10/26,0.007430033
2015/10/27,0.005445123
2015/10/28,-0.024476632
2015/10/29,0.007159164
2015/10/30,-0.001066966
2015/11/2,-0.021702079
2015/11/3,-0.001779356
2015/11/4,0.053752704
2015/11/5,0.010958268
2015/11/6,0.02734106
2015/11/9,0.016950703
2015/11/10,0.00398928
2015/11/11,0.011900113
2015/11/12,-0.00218015
2015/11/13,-0.019178073
2015/11/16,0.016188942
2015/11/17,-0.005943593
2015/11/18,-0.016090447
2015/11/19,0.025021984
2015/11/20,0.010184728
2015/11/23,-0.00791994
2015/11/24,0.007380551
2015/11/25,0.015555294
2015/11/26,-0.003457212
2015/11/27,-0.066374694
2015/11/30,0.005626668
2015/12/1,0.002308624
2015/12/2,0.010381559
2015/12/3,0.019386148
2015/12/4,-0.010843234
2015/12/7,0.009600299
2015/12/8,-0.020431336
2015/12/9,-0.001042549
2015/12/10,-0.002654316
2015/12/11,-0.006976081
2015/12/14,0.024029954
2015/12/15,0.005535877
2015/12/16,0.003573744
2015/12/17,0.025361639
2015/12/18,0.000654089
2015/12/21,0.017240182
2015/12/22,0.007254053
2015/12/23,-0.009061458
2015/12/24,-0.005020398
2015/12/25,0.006185984
2015/12/28,-0.026923112
2015/12/29,0.010741216
2015/12/30,0.007557243
2015/12/31,-0.014885461
2016/1/4,-0.087530573
2016/1/5,-0.011458909
2016/1/6,0.024870272
2016/1/7,-0.088034783
2016/1/8,0.014629846
2016/1/11,-0.069821771
2016/1/12,0.002400405
2016/1/13,-0.033345677
2016/1/14,0.031893953
2016/1/15,-0.038375496
2016/1/18,0.014079766
2016/1/19,0.037259243
2016/1/20,-0.012215027
2016/1/21,-0.040865501
2016/1/22,0.014771737
2016/1/25,0.009713333
2016/1/26,-0.077473506
2016/1/27,-0.009432781
2016/1/28,-0.041719286
2016/1/29,0.03828212
2016/2/1,-0.015440021
2016/2/2,0.032225001
2016/2/3,0.001565275
2016/2/4,0.019557128
2016/2/5,-0.009752421
2016/2/15,-0.002163921
2016/2/16,0.040852622
2016/2/17,0.013054303
2016/2/18,-0.002738717
2016/2/19,0.00299757
2016/2/22,0.023478077
2016/2/23,-0.007958813
2016/2/24,0.00531642
2016/2/25,-0.081912998
2016/2/26,0.003610184
2016/2/29,-0.049918978
2016/3/1,0.022719361
2016/3/2,0.050072896
2016/3/3,0.002644274
2016/3/4,-0.015445362
2016/3/7,0.016454843
2016/3/8,0.00449333
2016/3/9,-0.020171417
2016/3/10,-0.020142392
2016/3/11,-0.000842694
2016/3/14,0.029285719
2016/3/15,-0.003675303
2016/3/16,-0.003748899
2016/3/17,0.026438739
2016/3/18,0.029912636
2016/3/21,0.028056568
