"","883028.WI","883023.WI","883111.WI","883112.WI","883113.WI","883114.WI","883115.WI","883116.WI","883117.WI","883118.WI","883119.WI","883120.WI","883121.WI","883122.WI","883123.WI","883124.WI","883125.WI","883126.WI","883127.WI","883128.WI","883129.WI","883130.WI","883131.WI","883132.WI","883133.WI","883134.WI","883135.WI","883136.WI","883137.WI","883138.WI","883139.WI","883140.WI","883141.WI","883142.WI","883143.WI","883144.WI","883145.WI","883146.WI","883147.WI","883148.WI","883149.WI","883150.WI","883151.WI","883152.WI","883153.WI","883154.WI","883155.WI","883158.WI","883159.WI","883160.WI","883161.WI","883162.WI","883163.WI","883164.WI","883165.WI","883166.WI","883167.WI","883169.WI","883170.WI","883171.WI","883172.WI","883175.WI","883176.WI","883177.WI","883178.WI","883180.WI","883181.WI","883182.WI","883183.WI","883185.WI","883186.WI","883187.WI","883189.WI"
"883028.WI",13472788.47,33159670.33,114951.4163185,35744.404071,29042.80007,60130.818971,152224.977494,100706.0483,65650.64707,75366.75119,57675.36596,73023.73374,135758.4478,57632.4017252,128600.3183431,27666.50666,12731.96157,259229.69693,285732.22814,83579.172817,97030.02231,247561.6184,307341.860801,234667.82454,135139.75453,51882.0436,314311.89425,474403.5397,105790.5419,20624.29384,8289.287366,298.5576618,13.43009247,17.02502549,3505.848136,53664.54232,22733.34908,8152.247627,2654.518875,22249.419275,27382.03928,40452.33108,2254.773624,50563.22391,30847.47688,10898.62792,15241.59919,32940.89161,416436.8555,16742.41899,349344.4162,53591.59186,459440.2413,651807.4257,1118761.339,1224022.167,2438153.574,2936023.53,34363181.78,1825882.924,1099824.639,368166.9585,2665661.173,220151.0962,651163.6558,41514.8892,121929.1454,1877823.733,1241502.101,154195.33076,643546.61644,185540.9132,26678.948645
"883023.WI",1733872.932,20307047.12,21585473.5426,9263998.887,8172722.137,9425091.814,15121675.2682,10538043.233,2795353.756,1871184.34,2616471.658,1931742.207,5312175.15,4717289.2267,17527248.3105,6047923.93,980204.3988,10219193.792,10255076.8978,6775549.4198,2561567.596,7722950.39,12684463.0179,9481773.245,24275319.08,5090302.322,16080845.098,26753230.7351,1776771.35,1120620.63,4595178.744,467921.8526,5699175.846,1467677.818,956560.5543,3117414.176,1077753.226,1146862.221,769443.8063,1279272.9641,5550674.717,236492.5751,249858.7551,16860868.11,5491443.603,2194373.679,2682867.04,755222.3962,5891280.011,1164123.159,1460860.021,82497.10297,1189947.311,1150232.729,3488602.748,10641775.18,2290377.492,4407210.364,5914281.585,459595.2554,647310.2933,489592.3501,14698241.14,1509475.159,4446613.535,204041.3072,1065372.272,2336355.878,7805485.202,1096932.80597,2052009.9847,373178.7136,642139.6396
"883111.WI",0,210928.896998,86409353.7763,44762065.24874,13919785.83122,47924.879743309,0,10092667.1638,0,0,6679.049206,0,11191.85768,469321.7742,13399686.5061147,2815905.26921,81882.405898004,118887.9505301,198922.9220301,0,0,0,53.985997279,0,0,0,0.158493143,0,0,19925.00423,1275111.50134,0,74723171.1201,15627616.0058,2195556.60682,0,0,0,0,0.009413478,11850.62541,0,0,0,0,0,0,140318.753105,0,329519.5883701,85512.53071,0,0,1741504.3171,1741467.7323,43074830.1157,614598.2734,0,0,0,0,0,3573120.56422,489494.9467,39186.62751,105463.03675,113359.6028,3043648.37645,636552.26423,283756.5360758,243792.4814807,15341.555159,3741.706876
"883112.WI",0,90110.8745,7574032.58527,18060082.9794373,5792111.79512,10273.62516,29496.046258376,2595.16041507,25337.79306,5980.353692,4045.24322,0,12247.64933,74.83454492,470570.4924233,506653.961337,552.4806592,62005.64762,1082.440874,2035.9520738,5626.033016,17.05782873,377.349604738,1413.433998,0,392.03638041,32.21576736,0,0,0,0,0,0,0,0,0,0,0,0,0.012090174,68.1916854,0,1846.814357,0,0,0,0,186532.00359,20.97143501,551019.6173538,245478.71164,0,0,0,505852.5992,7955300.059,92597.97673,0,0,0,0,0,0,329120.4596,0,0,0,731033.0858,482022.4039,0,482809.739785,0,1686.265201902
"883113.WI",854634.6894,692933.6428,643512.45741,476743.971683,15557962.9201,135046.138711,318757.306161,1053509.37593,147560.28158,100606.0773,121582.34117,209538.92055,344878.77185,267984.955913,5747686.04281,1648586.4405,37806.21691,253626.00077,655009.481912,257768.525723,221371.10454,447369.4977,539351.708915,464180.5395,311958.9373,121897.41319,544922.337471,409449.116935,109563.8081,389295.15684,11893.520338,24638.85642,5274.8651808,12658.626235,181642.64239,107758.337591,23596.073039,222797.73439,105932.81688,75892.447307,207785.96676,15058.485071,146098.5545,910660.9118,404669.923,288285.8607,93244.47964,643603.16941,308881.8524,26837.467322,1461786.5477,19433.431694,49888.4891,181304.77531,7119065.78,8110687.868,629863.51839,134477.15017,477579.0244,69477.40058,280874.50043,20966.480148,696663.9091,445825.52775,392244.2375,24359.617388,179641.57279,480314.9881,1531235.40079,108180.328447,3244491.083969,91095.00057,45086.46627
"883114.WI",418.0280322,36426.772931,451052.213592,68258.373355,117358.11916,106796049.587,99980535.7187,8617891.2984,234508.8394138,1822735.428975,219035.82845,130678.46017,8387463.874,71241.922894,1133950.66393428,2062836.82351519,1105049.3066746,8846309.2659327,1741062.92940299,188955.476241,366743.6210078,408994.415062,209967.547095948,552551.2466636,1288811.15449,147949.082311241,377445.564514523,174922.001843503,23738.95724,2001537.01932,909.4610994,6792.105236,709.7590387,516.5182837,99661.12989,115602.6949,8974.760951,17001.97503,77320.34374,18894.99908,2297.2222305,4.648944971,229.5036591,106520.71568,9874.462603,2536.3171479,1898.7471236,28115.255389,1026.082128,0,15.65368607,0,0,10971.23066,9215.211608,0,0,0,0,0,0,2947.898789,106079.3752,567912.8493,23500.291603,29618.111371,184931.84929,448061.0517,2341562.45047,45547.8562249,107743.686144,74811.4197,229210.001579
"883115.WI",785692.12266302,657564.409216,349760.14009251,190273.13454867,179167.750495,3128917.222491,38551330.12194,2914969.98422,322807.167849,605164.3677,563566.072895,90974.6156087,2654897.6692,204747.824784693,970455.1097213,342603.393369,198189.926251,1536191.6760284,2199644.787979,723509.1458639,346431.4407702,1037103.73874,1112358.73178756,961273.9751137,2111034.3782459,418035.9476826,1137216.1067356,398109.29451245,112268.94635231,449299.09595,1580.1231074,21211.789604,1092.46011046,3053.4177459,65032.808285,561821.154757,211170.1319066,208062.916857,147384.178676,154667.97799856,284681.74971915,47928.2600997,85713.3888257,3178159.62674,1128811.304505,425919.70013,1111951.261232,103508.1990504,878833.6932937,24320.14076295,340891.5404,1307.29922081,634685.884784,320243.022295,2048834.76224001,328070.68576,221678.0922895,7673.698175,3017701.60979,166300.154063,56653.3461849,7134.6343538,4625289.053062,48000.315514,125914.519591,145103.63942366,380269.11096,67466.159707,2621335.732955,42347.881240123,1244587.66497725,686395.6324168,84970.3143547
"883116.WI",184183.27531,94371.525521,5763.07027449,9870.5039069,5668.7217045,179435.4409706,6435682.6498052,28858016.69891,2934.3352631,2150771.1240332,4226.051997,18732.6355299,750209.73433,4901.3574421,862609.3304051,12230.171834,628.21594689,308075.1966222,33333.189293,6636.55823345,19560.9608554,34034.46212,26072.63869638,402028.6667591,3815710.45493,62000.9748284,207235.282596,38066.74303566,25960.725685,24694.1344408,508.2306355,3124.001716,1967.079436,353.3438876,190602.3851,47383.75279,25679.367028,14525.30801267,6363.6110097,12078.36632976,1941.4956924,1311.1111571,1200.9242476,81871.7778,20677.057235,5467.859126,4194.1888344,43651.10717,44136.384557,728.0042919,4707.988898,669.3437169,6268.355693,32902.888673,14687.130794,14067.733877,61246.9073983,4859.78621,94737.055679,497.6471843,6263.762494,2471.10734631,84358.159265,3017.03805245,17524.039972,1283.14490733,24375.840967,28204.12688142,48535.827136,2632.662100347,96963.020158,14356.99681,7872.5699097
"883117.WI",3579.315845,11119.04014,115452.6663422,61248.407991,121995.9605,333428.46683,300103.69288,162810.63174,43511258.86,20239717.88,1627855.166,305532.8292,3049895.568,79109.596191,418854.98102,17272.95707,222420.0937,678475.6022,1816760.91419,329067.15485,415272.1684,2398913.404,1819702.15252,1062391.65315,549488.5394,409306.733,833597.24191,312806.595003,76329.16285,714176.4524,9770.080626,10998.43498,4031.740374,43066.43751,23614.90978,4020581.328,1473.261134,31239.88533,152662.6987,69760.289759,4206.709234,187.60293,319.9035957,10288479.51,2574954.688,141333.8104,17590950.84,62882.64139,2113.357873,10973.52133,38.22323509,74.10511105,10.71648232,4108.417917,1869.939155,89185.27749,332.5942257,169.1648855,15763.18464,620.7770086,0,0,3138.509169,257.2625979,784.2449428,42130.39048,1696.702753,505.1526463,1175.289026,504.2273022,6619.987125,222462.9017,52572.47257
"883118.WI",210926.7222,225208.813,2876.06878454,5783.5930171,3398.889537,2734.05134316,35136.5286124,2980.650792,251910.0614,458328.18,1330.138265,5416.944163,32928.89133,21157.888639,9218.0961768,6754.066563,1138.695562,11639.83493978,9747.6329676,3582.04402259,1062.7452627,29879.81976,66769.77954974,23063.9366096,2847100.91908,261964.08395,9157.8772346,24119.74634902,1685.231132,4722.341023,11175.19326,14853.47422,2252.946939,50722.73617,39216.65508,24793.1303,13099.10596,4707.831419,2353.301572,1727.4561168,7086.579114,3482.390741,1615.196038,770404.9856,57418.95568,15563.55514,1486109.656,17955.54448,83158.92797,8613.960057,8225.41774,277.493399,88678.97939,19481.84259,57689.19571,52610.02237,73331.89199,34054.73919,416761.5281,4416.780767,7487.754279,455.3512077,172985.5593,10481.3962,32462.54736,7887.459658,14672.25766,107.0262483,171.1948836,9119.369734,17214.173676,6356.382979,1521.9803418
"883119.WI",396392.9176,735471.9911,1575721.62048,2699291.3533,1742792.3682,444549.66369,1032095.26775,1098720.6718,949316.4528,544979.9307,37223435.84,20770776.98,5716224.9,69036.336837,2016176.53429,1468552.232,428570.0933,1390424.0409,6353129.9048,134908.817626,221506.38579,908096.7837,1999768.29788,665816.57698,476389.76354,206140.88231,3583740.0863,3479146.68039,334757.9892,315481.1831,7230.650298,7222.572842,204.3360872,11245.78241,7228.216981,50370.08997,14326.24676,9515.932726,5782.165463,31359.598296,311093.5274,1715.042329,1482.626156,222437.2907,65442.99742,19820.01256,256563.1192,117789.5274,144755.2723,10211.08933,9970.06619,3866.334663,35903.60305,36437.67622,170959.3545,316531.5932,102950.5631,951410.7654,1491278.326,100717.2884,115664.0162,1099.183977,12999590.25,129443.874,240503.8828,6762.253861,27518.11163,1767204.49,127873.9651,1930320.529886,6612.2535552,8243.985103,111217.0641
"883120.WI",755720.0729,6046598.106,185824.924424,142519.548738,724756.6226,40016.100465,264137.261125,86844.73438,58904.58992,64945.55171,323947.8337,1638836.982,240141.3298,38591.471695,525970.24072,594633.4141,80397.83043,138090.22753,247989.17644,65793.321041,49431.46092,210618.6883,289025.67342,239315.20691,274765.139,52249.664974,825064.04287,504021.37368,70529.89358,19320.87482,5039.38424,11013.60015,1144.820512,41485.70284,43011.98886,51747.82366,17319.72528,210990.9685,10326.00111,13382.621864,98853.97349,9013.098057,7476.702804,154909.3778,156144.5409,33482.49868,39460.66737,28684.02276,100287.8989,3585.321839,34731.18247,2861.930067,11736.16933,38412.05929,23811.16684,95753.0102,651875.5644,5617835.361,7875819.631,778166.3181,572248.004,449503.3831,12175069.5,164333.5132,609572.633,18746.76141,164770.9109,1192086.24,376105.4496,2484768.8695,491278.83365,51188.99171,4885.9351004
"883121.WI",986590.579,604325.301,244907.623383,258194.61512,162247.95001,103567.50372,424514.320022,218825.36343,92507.04873,70435.62402,228593.5656,175276.1773,10205595.63,43050.491734,513073.11763,466247.4092,65415.69933,275084.42936,422081.10143,172957.84091,129129.24046,570282.909,613929.03913,312411.21897,321957.66638,131292.23971,1174558.88578,772409.95134,127349.5765,39675.46432,645.0948441,4458.520091,207.7399894,1606.59957,785.6542933,144088.7767,38317.21839,203586.1925,73856.98359,41986.439665,269917.3003,16659.19258,33513.08731,1189049.131,378244.4563,373310.1928,617263.9223,26963.93953,639162.8238,12975.20601,47292.39118,9808.782405,22769.47359,529843.2081,132082.0967,154257.9301,272986.8872,368791.3701,6450356.635,469763.1933,1025069.928,30743.95867,2039483.381,216862.0485,390263.1832,32481.7208,344484.2433,2006528.716,185615.2027,116270.59924,319561.36708,160073.3381,34961.94887
"883122.WI",691579.5635,2115434.883,514013.54461,292692.93198,473636.07913,255351.60578,461877.00445,227133.57141,704417.5774,244699.4857,335539.5528,153874.0475,499577.7096,28380279.2518,67553079.634895,347095.4776,4348553.377,2131172.68322,17690502.99343,42709180.75673,8115284.19289,2251324.7414,2278642.15418,1363122.3562,1403577.321,813544.9392,1697206.15125,1383560.9908,185759.7071,236052.66293,10417702.42,885136.9758,880312.6772,1624577.958,683581.5321,1492135.2318,3890554.626551,3405869.0624,2912139.05284,3704545.77941815,19206750.0469,458925.3401,37819.13408,5514253.3989,10362617.5734,746894.98715,948166.01098,3486660.129638,46938312.81,11831191.65,13021153.32,804479.745,13148872.67,736343.876,664534.6109,70262.65258,380887.3023,85690.96574,2207482.082,114359.888,122943.5761,2060292.423,18389761.86,215465.3691,5573520.971,91639.87891,746317.5539,1501544.549,367644.7583,102478.29172,118370.42793,84136.77582,339352.43393
"883123.WI",296595.164675,81364.5616722,703738.01299262,1236417.51695521,1665385.685063,4517183.444683,1423595.33429146,6256350.78324,9445384.26433,2029334.5147,13501396.2507,4041393.74793,5870124.2056,9330910.5878759,259416898.213203,9096639.09747,20137873.456455,96953787.31663,28681144.0462994,3627979.68895264,10942876.133729,13018788.44294,6314870.6440138,5007702.575494,5547101.562209,2521326.8494471,23534755.1234974,17825922.4187381,760690.45672,1562670.24658,62679558.0094884,2005504.676828,4970.44111765,23956.5095529,196471.8481272,3741289.936,2994437.578003,2606396.771099,2263984.532552,3874918.0865763,450990.158762,95550.0590526,774035.56155516,19006984.062,12140833.89997,3871641.55538,5583014.00915,96775.715523,36491.7801513,53212.755238702,1624.903449203,86506.024579,59538.6378558,2158875.19355752,1246575.77855,186170.58318208,10684.8160104,1549074.91828568,387279.1347,16552.504521,10788.033793,4776.34505307,6340956.638089,4036826.15453,9135915.29181,513101.765374,2501332.67883,4064970.66494,183554.228943,725254.692681,472910.8119613,107833.54594,887578.20868523
"883124.WI",5354.445028,8903.142169,349910.4928108,283236.99932451,61699.68414,403.55608032,7136.5198584,111046.15959,239.5915656,1183.370648,159496.0758,403.3815352,2162.411442,8360.9953076,977202.780517,32642722.35,12382.84777,65270.220557,252824.80730188,96427.560927,30366.870668,96463.70412,22336.438548175,180954.464127509,5052.8316809,7523.76777497,17388.172553549,273912.0956581,7172.41766,87683.75227,1965.479363,19427.26132,2858690.315,187509.2361,829161.0904,55237.2358,4798.840967,24480.24033,22074.25957,8960.2226,12537.47189,23.96690015,1929.860361,591378.6103,235231.3738,86734.44176,67128.31477,8430.165108,44295.24715,951.711629,7154.463966,4731.73686,1934.559416,10571.06979,7.303453878,0,103792.3654,974.7726214,50881.33377,1931.660783,3134.192787,1558.853295,47507.59877,250118.4381,662449.9118,32287.75922,2881.70506,31952.82351,73052805.53,38570.592311,19085.9840925,2118.331141,2399.496330333
"883125.WI",2827.247866,0,2.331627201,2540.747300185,915.6887449,20912997.141,11887887.567,374118.9699,7321.938643,304348.1611,374642.1028,8661.689362,1295395.985,34654.4187349,1189304.3614718,234132.3973,18067393.47,4121627.3238,423528.9058158,13313.7413937,6926.3531285,190422.7441,147666.5632787,569536.6938975,409788.671457,65903.580452,651660.571849618,137545.99856066,1451.521724,1172305.363,6600.799734,0,0,251170.2294,81136.62219,3723.525994,34.7312108,1020.615861,1357.918408,642.5119758,8375.12003,11981.76775,5044.729669,157751.4853,58775.53139,22213.48876,17633.00431,3064.93813,302.8906979,943.5041416,7591.965097,4908.837295,19818.33881,15078.17528,0,0,0,0,0,0,0,0,0,82133.47019,43632.57777,0,0,0,0,0,894.1390447,0,12223.853168696
"883126.WI",258212.68522,1311341.2134,4023579.442269,3698510.494225,4221516.14229,506047.176494,2142461.019423,7706622.2286,1497568.383,1760334.4926,2025495.197,3172640.9487,5961013.7228,570312.96943,20540629.796562,963556.8178,1925258.28766,57279729.311,7180519.27251,1020824.8963,574517.72237,4225748.842,8448867.54537,10098179.88772,18967264.99,5097252.4675,22177268.0703,18470801.12763,1501155.7598,1736368.3621,6530051.235993,93608.91237,785.4819582,17834.3095662,8249.5771215,1000247.2588,89606.13161,1258757.83616,151103.17445,959875.0626,102090.036,36778.804731,378832.380817,10196451.6528,6381739.105,1083759.05159,1156501.0922,73771.55452,4910868.3884,20872.309263,33561.227283,2135.798325,29912.41784,358892.4995,332533.783192,366072.814080298,10779.926483,21.95122096,40649.54515,639.8794352,4616.4435876,7640.5912392,517948.178918,98232.4847,21888.394739,85856.76069,811227.9999,5014.18065918,252024.96822,3192.2158701,8130.4143411,2942.460584,878776.05041
"883127.WI",45718.95772011,45360.48505,190174.481807673,632944.354013324,3135788.78582678,256866.492651095,107372.471039343,128603.307776007,284685.438805,975780.1172046,171283.7109701,20666.37433321,637468.252998,2891877.97148925,3750046.17372015,2008446.274399,57040.6323785,1636355.09059409,92477446.8413429,12299453.2191827,5405776.5575917,3424973.06756,3415511.01690592,1584854.90105469,6231116.060349,743919.86206842,13502686.8062743,7230912.97012492,1635497.329639,411274.62034591,24294.192889,52340.047557,5511.3083484,153878.119774,53914.164151,980436.8591917,97287.46695927,248282.7626275,380170.061187,1632597.1259674,358173.16658,9017.14328308,15149.01389378,200573224.106,43589247.6263,8808786.28413,16662097.9391,177517.603262,15657.5225264,1456.192533752,51057.589130075,519.109560565,14952.505938,304609.48481,52844.8897768,50078.90944784,55764.40871925,66759.94896392,31280.702976,372.22087952,19217.2542277,27522.3985648,152974.50235027,344225.576803921,366922.09672954,49368.88982525,679711.117923566,517123.54484519,172219.6962626,28443.666346781,256757.62956243,48987.464793462,177902.5564144
"883128.WI",1586.875943,23473.18544,48520.366478,42007.8393332,26172.50383,33581.9825372,67539.313553,49794.3333,112045.0366,1672635.246,81445.65062,22306.55919,1683301.80974,63459.916842,963022.832252,33422.009953,12633.431876,1283928.91239017,7653592.7143452,202538884.9094,3993042.27366,82794141.2176,51467247.855271,41168085.40574,33488854.11,14268602.182403,20591509.42764,2500842.20567807,1771152.203158,262405.786045,1424.68032007,6562.987967,1223.1455,11006.46247,451.2576849,9741719.9911666,4687666.8506919,1002492.141482,637505.583476,1107096.4200995,196308.229747,57476.850522,23443.55521,129794282.7749,58018160.344417,10183650.06,1536809.50069,1093747.118814,21671.3544096,119736.2808275,505.6870325,46569.93412,523698.97,128.794277,359.8959078,46.69540438,69.25445289,50.42003567,0,0,0,29.65407127,98.52455772,37732.837753,277224.63544,14861.129384,39108.35336,10816.705922357,0,0.301439,7224.668376144,5076.324452,803581.420756
"883129.WI",42.84551066,22279.021741,5088.315247936,16454.751355881,7960.1019848,15330.64587651,38465.08481957,96122.4723357,106936.01788,236286.86053,125258.28571,714924.3389,16667286.554,10930.965058898,5973098.1360039,38806.20804,84625.02935688,507008.32271,3497783.897156,17330867.49277,165515710.266,28678123.43,27487999.99971,10636193.5141,24479031.915,6079182.4352,109511563.1,18358561.5855,1769664.1298,1709734.0161,45.64715025,358.93521064,0.077907682,2.282193302,593.3836957,87205.59865,1616.9720007,16482.018067,349563.624685,98870.0811159,38413.22407,5838.67157902,3132.002986,17473332.232,70809.48347,374169.7872,1765517.2456,5868.35245,1058.91842096,31.00278542,0,0,0,0,1004.588627,0,0,0,0,0,0,0,728.1381647,10.66386259,1298.150724,2470.204806,14753.218,19629.9012,8.709733906,0,1340.067564,1054.989702,1601061.66
"883130.WI",652556.6006,161271.583,375046.868654,875341.89871,1275467.3008,115567.25733,497028.406685,186634.14031,3419544.293,3145805.009,525925.8349,320204.7359,1272961.148,220082.03691,3021508.973,484760.643,52195.77504,3998389.024,12539873.9861,5823346.76345,691590.938,42757937.1,18033212.8831,13351794.5252,8412960.881,4733220.082,19693985.9161,9317660.8925,1913730.532,659177.4433,65990.36922,115682.1028,5448.894868,81569.25892,139265.8837,4496662.045,626904.7138,1672023.381,1167512.608,1760132.8263,147917.0087,21681.34396,403344.6711,33864000.46,14881182.29,5268514.526,3741257.851,77223.2198,85979.46344,134646.9309,18774.77293,1259.38084,1606376.549,538769.1886,121636.978,62344.61742,24092.53907,19827.95834,78443.10928,12.27798202,1150.870995,686016.1359,9231914.927,1559349.718,2541109.408,38805.05888,132537.5231,441992.8661,54897.68401,11947.400865,46162.013276,6033.806723,848041.6408
"883131.WI",119195.857259,177431.493784,560689.99486202,371200.02655582,271636.0786701,679150.649523434,406518.070620635,265931.81136694,1238223.601322,294595.3819216,356533.785528,145594.815977,395820.785955,2547661.4769783,4859693.19027485,1037277.525727,95842.8987262,1219811.235204,10064650.9834102,19113507.5440132,930548.0819096,9034919.08396,86858152.3968011,33191224.038762,21858947.887529,13002101.2301564,19296947.4481478,3178482.94381633,1601633.873673,559094.7236977,5901.650137533,16605.3768026,432.189041727,34889.62031276,41154.7341144,4327141.50168,1461245.379472,1807679.733718,1291543.6260917,1387672.2906166,1629526.920901,58754.117058965,91690.1926005,2676470.55829,1406660.84392,2811764.9582665,175492.27727234,120110.2640322,272385.627512611,1605183.58171134,1719797.92528163,150704.5290125,3099281.412126,614399.79094,42954.8852007,43980.517518,47749.930759,2300.82513066,515473.25749,258.63601972,9487.6391363,2789.932919,221463.4652133,27023.713884,315946.245371,1882.09476547,53167.065877,224951.166488,4448.8065152,28493.09495459,17326.891140175,4554.88335969,656611.3582585
"883132.WI",166807.5229,7529.729347,394620.99168401,144478.292840561,517411.46079847,1182349.1574701,1201257.0161707,515658.198508,585247.74683,199931.7238558,733688.07388886,741105.8350821,194727.7441465,964490.14721,2693630.13186591,253877.33548,68316.7713861,763949.014531,3639863.0519408,2791636.738447,469300.249268,3888587.547,2413679.911119,39574149.4988441,596457.36235,869596.805798,2169196.59220097,2822994.11320975,980568.71137,103755.80116,4121778.0617862,593099.818078,380815.579011501,574977.768323,170028.38167,4426571.1648783,3582471.77119,1942485.5742841,1550497.2750629,3230928.4231134,226114.713609,34552.0723943,35099.918662966,2108550.27578,1496824.8574502,1597082.9648,1427252.3773,20131.477805,23005.59397,795.4836726,1175930.517,64.45385329,167.2160837,396307.4583,12556.66391,29582.70919,13129.1252,1977.047916,807507.2015,41431.39714,8633.101435,37.41238705,1390.612104,9201.475416,15158.06727,44675.18545,2110.458592,6725.208775,7258745.026,10928.13193,1031.8133518,518.3773577,255360.02162747
"883133.WI",54929.55678,1742107.4931,45627.7978015,24325.5726536,12164.942120534,9682.995582,15787.8399581,19387.485988,11523.75531,4880.505628,16627.30097062,9352.117438,30379.74009,113911.17917,124421.6607319,10645.76385,7355.970339,32389.530326,2016777.06638477,260587.4060015,45651.1652199,395094.9783,3728003.0733672,8174698.3732531,177679581.2376,462742.6621783,80368.869715,307270.54067,94028.12431,22204.64846,116701.3642,93781.58567,77382.78568,117939.8772,117718.4489,142561.47275,95696.936858,184836.55779,250345.3296,545692.99972,29183.58892,5139.801449,3233.657917,180892.8354,219180.7482,22332.63605,99223.21432,12628.67678,29296460.189,3982.958582,20494.98651,91151.99922,5480.711756,35153.3735,239237.6254,45956.02894,26034.83736,1197225.282,463310.9207,4453.88647,26737.86003,415916.9515,14619812.76,383418.1913,1533650.773,236223.3735,1151572.873,1863.079256,222585.7177,8354.63123,9497.5622886,13686.74236,79077.09299
"883134.WI",3416.852071,3576.427501,641.03337667,461.200391066,178.52464124,13.892691287,2045.588874625,74.092811155,493.7454367,7.414838506,31.62841922,665.7576182,7222.940477,5379.92094435,12148.096100065,642.721641032,2.616652991,7980.82009558,1709.54234523,34076.58625376,1534.01812659,29936.86393,1226621.99482257,198974.164442491,63776.7533154,25129880.81036,58646.18421671,830.43515887,10750.737192,127.38407148,12894.31826,16776.90776,7645.964831,523497.90279,30293.162,23157.73409,9471.673690337,14907.3617514,24875.743259,7295.904943684,228.99049284,178.798464099,97.976816069,510820.2228,197591.560702,2573.967152,1974.393275,3275773.2682013,277215.66626,3577258.769628,4075242.29889294,10115.76905,310964.787543,47199.04281,889.2730381,1127.41494,38321.29663,95723.49448,72485.20243,2876.334292,51429.99617,25492.78041,6057.768154,7540.214502,56333.73497,4237.00870778,3001.509676,258.1184011,28527.08504,315.113011,80935.5919974,54084.60648,932045.76441
"883135.WI",458339.210947,6820597.374838,245271.03843623,68110.46330988,50085.4903755,142744.097512559,219964.28396199,28474.02538161,142729.5785017,67894.1725862,145763.7508799,64272.316291,426915.285031,516553.0667134,1485039.54034087,53520.6067946,23281.65463423,359373.08293542,1040333.75395357,909262.00625421,334650.8715846,1343095.5719,25516936.8890064,13115120.3932916,6523146.7748546,13746163.672155,79448034.483888,29756699.1532636,3077871.2941,404733.80073,4156.4379322,29385.5534939,1168.30576959,27750.7236897,62881.3509198,1181568.05956,424830.73491,294236.288191,505773.501122,645193.589298,22246136.021129,21975.1314131,17864.095252,31654339.48499,3654101.81749,9983203.477132,6270531.685331,205308.896955,184392.762558,189173.6710702,40030.417329183,10148.55714608,36532.64453338,109228.918187,54806.6571951,27068.7503312,12763961.296281,1536029.1664961,88789.6286645,3031.007775523,4614.276817711,44933.091274733,15897627.2266692,3195247.10485675,4391216.1252243,268221.79230848,810199.9612353,8630.2557184,553962.7979009,4072.546809755,186124.996221499,43998.962522915,1806899.6829364
"883136.WI",348519.2432929,3489651.025,34662.956999891,33974.076855433,16350.285621725,31671.096295886,81953.976008314,31998.98974102,76245.8979715,14865.88785239,130526.3313444,64697.6187306,1062230.5442625,495532.31455594,915533.231852884,71857.84117916,29162.44041146,186314.465470543,245389.650914996,281311.408267111,50643.26210595,360027.252786,22187800.6657948,11487695.8125785,6405492.53557126,4493110.98151559,26628358.0537741,324798501.143182,10371253.34741,385533.518140157,124.1672979,5500.9227796,480.32235257,8908.5296611,13487.2317211,824045.4193762,141343.7620837,121756.16136726,49776.3118691,85350.37738196,232286.4516768,23654.65502118,10574.36330121,547564.39654,514398.507561,1878342.3399004,289199.3577593,93128.2841996,207144.647875,3189.58069551,7924.714984404,47193.342046042,115349.35826035,187757.472504,50545.8097536,45144.748494,7441383.4277719,16026745.4424,728675.9408,39345.054469,13856.4373597,986623.09437217,13986856.377355,1511634.1884174,13889705.345255,88927.90320367,95489.059013,448655.286223,218097.10522,22547.06164898,83260.87274843,25819.6125472,298165.35636025
"883137.WI",21887.85065,17520.98554,41920.010225,34243.3984303,18322.571006,7295.7183295,11131.047547,2110.6832042,50562.59794,986.3520559,39520.59082,2250.043273,23326.19157,654263.39625,362092.061121,40487.00639,18362.37203,82152.12974,338743.908566,414055.93279,61673.28916,480055.3916,2580739.423,2014929.96039,1998683.4405,3531859.29288,2733778.40352,2266065.80342,7597872.328,84912.6232,139.7954568,6033.68663,426.6003699,13827.31149,80795.49495,58522.89669,1438673.642,19370.77362,51824.99058,184417.83663,11740642.01,50780.53495,73604.61035,235813.6725,22360.31713,579031.8139,47472.09877,23647.39516,24392.86139,22736.77231,533.1934921,3525.838041,9748.565411,42007.15449,1552.406037,2110.046117,578915.4405,217859.755,13922.24143,0,0,8563.296918,32218.92073,1299765.128,5251511.252,194940.6777,70203.26381,1971067.69,138674.1443,5502.72844834,4800.7459881,185803.567,123549.2688029
"883138.WI",498257.0949,16642.97104,18616.34650599,14884.5173236,21466.199209,16222.89629239,749332.4969784,379426.06751,9287.295365,7861.428611,17206.78247,73007.41021,311418.7439,90766.790176,64467.16458653,28676.29705,966.971876,29867.465186,99781.263872,118008.278818,43680.317013,152072.9569,175200.497228,249503.3318285,104246.71318,185350.90561,173905.4867943,824390.16823,11747.62306,685714.0058,10615.72271,42223.07762,4691.865319,33701.09423,20708.84455,401368.0659,21686.04253,7697.672517,11551.28803,62460.6954986,20741.53854,792.9455078,238.315843,831500.3074,17361.22422,11500.55306,12405.18878,24630.87026,3079.223057,188.5027292,3.668771988,2596.237623,18735.59296,93685.4737,57902.94919,12880.93817,20558.22175,0,299308.5247,1395.782824,358.432628,1780.214253,5262576.958,86552.16716,1196907.647,8570.111111,355014.7501,80.87526204,25677.138,191713.80364,19470.624938,30775.89474,3277.1348266
"883139.WI",88095.25754,57435.41616,172155512.82459,16772817.9307,15801012.2,38037129.8034,3649756.1195,127980.98792,2609466.696,189738.896,6323829.877,0,776870.4555,0,3802824.92666,14132835.87,312967.5242,143275.392163,6265.32500272,2996.686413,5585.403179,36194.11353,23.29050099,80800.333670337,0,0,0,0,0,313518.3825,49655846.35,329054.5122,27705438.74,2556357.728,2794168.79,0,0,0,0,0.004608249,40422.99089,108.3826278,332.8805809,2594184.781,745491.2886,14548.21103,294470.5531,25668.32731,0,468.4399036,0,0,329.5438222,7887467.241,45519.91783,3722546.015,517725.1961,0,0,0,0,4442.838774,2406929.35,505397.0375,6264.604112,40599.54532,4130136.111,245489.8709,541039.5577,75132.671552,11617.282695,38264.73504,6423.928812
"883140.WI",5341.977287,20474.95102,118353.5296864,78400.7329441,136180.81209,38758.5600447,16231.0151344,203642.175365,16702834.71,1515952.886,3490414.367,0,711169.7299,18585.287027,3683836.4511984,111147.4593,39932.78619,6634630.25077,103305.857704,33906.979163,24754.25812,117928.1985,23906.4308563,6162.9376339,14734.393097,5970.3289858,19220.6230661,0,0,67866.69236,8804.252892,2768413.382,3605.811663,61304.14554,91611.17998,154356.6029,4046.78863,26147.2367,17806.24218,47673.3387,8099.926434,505.3073358,7243.031137,6203416.189,722151.1309,17196.934,339202.2908,12986.65612,3438.195554,1901.331932,5342.42685,124.9272109,492.1565699,6234.29639,29845.80237,28625.33626,325.0853265,1582.412868,3300.915411,641.8551923,2497.852499,122.4219063,1266.465956,287.0666218,1189.768719,12821.06941,8241.857543,0,0,659.937057,1831.4499572,77.13922898,741.5572784
"883141.WI",0,34315.81752,64913590.036943,15045976.97145,388335.49171,8288394.618446,2425693.8111,5917937.6894,0,0,0,0,1294232.906,0,2092702.199134,13110210.97,41948.58442,0,52329.637323,44944.394817,56.83278079,0,21070.907246,2395.0506802,6178.83209,2419.7514197,341.77721248,0,0,921396.4674,90131.54564,33294.0993,21543221.58,75154.71397,1148693.717,0,0,0,0,0,0,0,0,0,0,0,0,831.0425667,0,341.8512315,0,0,0,0,5845.571092,9773254.598,0,0,0,0,0,6513.758078,0,501807.6441,0,10.47962968,0,712890.6662,11204.48949,0,20996.1022535,3830.363031,2500.278238
"883142.WI",0,28952.72998,26674368.30258,1001222.961747,253228.7869,0,0,256665.3867,0,0,0,0,151033.8315,0,45948.434711,31279.77676,0,5904.217586,13160.0891546,10825.907559,0,0,3148.9434654,1330.631904,1509.4532659,960.3932896,0,0,0,52.26185105,88.73246136,270.3032322,2335.773867,3565838.672,258478.0639,0,0,0,0,0,0,0,0,0,0,0,0,3080.652613,0,1442.122873,0,0,0,0,172037.528,12087629.22,0,0,0,0,0,0,0,1019173.172,0,0,0,231344.3199,25689.68219,0,136108.4908,0,770.0693615
"883143.WI",0,0,191608.1077,0,0,11248866.440543,1800668.5819472,1479086.1217,2762.050459,0,150742.6723,0,0,0,0,0,0,0,0,0,0,0,0,0,0,0,0,0,0,0,4325208.749,1696280.005,317638.9451,2397351.063,1777012.607,0,0,0,0,0,0,0,0,0,0,0,0,0,0,0,0,0,0,0,0,0,0,0,0,0,0,0,0,0,0,0,0,0,0,0,0,0,0
"883144.WI",30240.25226,3999.121276,837711.12282,370012.84522,553419.5113,966467.0905,397845.40216,231559.848,496057.2731,27089.59423,2481881.136,84952.9641,169932.3247,22964708.22,18657956.27195,351037.9584,1284573.484,1391415.7608,23688419.82,25907814.6199,3427680.4186,1357417.612,747239.74773,759476.10265,190438.21799,139874.29588,217450.21823,0,0,799051.2663,16856.65905,10337.88694,7819.288758,11600.11665,7517.928828,35955974.04,315733.6545,474868.5294,273623.1987,649335.0354,88525033.92,2047976.713,20559.13917,157779.6301,162551.3747,23112.26092,22086.6586,265394.7663,242512.9476,14681.51632,27464.90677,0,0,0,14669.31138,20586.22002,0,0,0,0,0,9548.3691,26.07508503,27466.53692,28787.6827,86020.5357,34662.11819,291168.5952,325009.4332,44082.4441,9311.6256356,23239.74591,136007.56386
"883145.WI",0,0,0,0,0,0,0,0,0,0,0,0,0,224378023.5866,13764088.67843,7183.696859,38801.32958,73916.9767,729522.536842,166415.53166,266701.02725,209026.7584,131621.2295696,212172.792332,103201.13429,57452.322332,0,0,0,0,0,0,0,0,0,63372.63466,1012993.307,80562.99283,6927.350061,90972.04594,4816480.684,14171021.13,0,0,0,0,0,0,0,0,0,0,0,0,0,0,0,0,0,0,0,0,0,0,0,0,0,0,0,0,0,0,0
"883146.WI",0,0,0,0,0,0,0,0,0,0,0,0,0,0,576250.31194,19598.26657,80.30437446,0,878432.79818684,125001589.248,1844452.870252,1473184.913,112363.503679,68377.425339,20857.277892,2892.613772503,114292.21596884,0,0,4954.396909,0,0,0,0,0,129009.2446,0,15433169.31,79334.24518,129423.7026,413.2511746,81139.78815,0,0,0,0,0,0,0,0,0,0,0,0,0,0,0,0,0,0,0,0,0,28063.97952,6520.794426,0,0,0,0,0,0,0,53127.379915
"883147.WI",0,0,0,0,0,0,0,0,0,0,0,0,0,88070.9462,4751984.09074328,7143.061933,1011.400599,0,1626500.10851615,1912027.7094,49373976.738,690667.9586,104391.744047228,33564.2881432,0,14466.39450266,487998.203342,0,0,6697.966253,0,0,0,0,0,36.38811535,66.93754567,196877.787,2115231.864,48997.867183776,0,0,0,0,0,0,0,0,0,0,0,0,0,0,0,0,0,0,0,0,0,0,0,54224.68761,3585.149582,0,0,0,0,0,0,0,13888.338772
"883148.WI",0,0,52809.2515342,58307.28600913,257350.8459177,981.025282784,590.45584626,8428.332098,31281.76501,2274.188894,17066.13938,78.99544282,486357.5352,230.1333384,8738619.81983,40977.36705,2798.046104,30750.651649,33047335.622,743167.40581,161271.965766,112340.5085,34678.14393818,161467.3772851,66105.76393,4793.23223669,447850.736926,0.381297976,0,3397.462613,337.9031934,379.3221338,92.92219238,2592.669701,2014.510939,624612.60477,12749522.849875,184821.68602,167651.70252,817157.63441,178176.57855,498.5098224,213.5747488,3908772.008,3077798.88,611611.1383,154295.1684,9827.099963,0,0,0,0,0,0,0,0,0,0,0,0,0,0,0,995.4354949,8310.109729,596.9373449,660.9086306,147.1685245,7.907140113,256.1388644,557.4451812,2102.606782,3033.12572
"883149.WI",2025573.982,7668030.297,3816594.9326,1912094.1254,1153127.8004,5909116.3221,2528303.5063,879464.8989,2919560.524,815602.2727,3987424.11,452987.4046,1148815.081,6465142.661,40276516.7321,2858608.885,2224161.245,5378615.704,26532453.8564,24268153.656,22475498.274,14603827.29,7107750.8973,5033161.143,4244423.861,1538428.0396,5948479.6326,5634675.3291,552916.5023,290908.7555,7396877.549,266323.6714,525242.2751,524968.9091,173154.0068,8905198.448,5547195.622,8358668.736,3884726.454,4227027.2606,158927697.1,680702.8699,2680919.943,8978290.159,2991976.903,5577713.778,416150.0284,2400388.815,2174231.212,27794.23129,167779.3444,586091.5232,260238.5042,536530.4592,1596579.723,267891.0119,3004934.061,64214.23965,3036101.974,219300.0979,27255.23933,10475.46535,768847.4111,721181.3131,279261.9885,131559.8451,1224161.329,1237915.491,1288058.358,265133.78435,261979.33,32553.73344,858287.1871
"883150.WI",772004.8975,14108.37165,23462.6791468,7396.934202343,125.3935537,299.10805016,4153.51991597,6628.131658,1063.862731,72.61692739,13956.57176,593.4653084,5135.168218,361015.17165,1237825.5490889,6092.128992,28074.09157,1268.4613379,78600.93586707,303057.734096,9159.399649,214119.8444,473779.6338536,27029.135501,1969.4083904,2650.2993965,27111.2640795,52442.30700123,1345.12648,60901.28442,1292.267323,561.7855068,232.1162444,3355.990412,2334.223916,3752.686409,14003.64113,824.9012619,181.4197487,1884.622818,626334.9645,3243775.833,2862.330867,10532.7184,0,0,0,41501.30202,6533527.256,31385.03891,9552.770555,134418.8209,2942.141385,23142.28759,282093.7584,426834.4703,2889.109502,4482.723371,17592.97803,2047.210266,4022.237672,396.9365749,74083.04598,10796.76283,14815.91419,361.0727676,176442.9798,234842.8168,97577.32951,18011.520656,38112.642564,30607.34785,4920.0839032
"883151.WI",221482.4152,147654.2367,172619.814759,143105.895901,292619.49082,129213.258811,74270.83272,41261.18166,86506.59034,20282.00995,114614.6431,27845.05217,34981.84407,46047.86434,520319.43837,69233.65548,28123.65188,143479.8319,417804.72626,264394.30188,102564.7883,160633.4724,233131.48553,98787.415252,101777.10458,30794.365664,178539.89171,207591.760801,23331.05886,110713.0449,856.560028,12043.41686,290.6796841,2594.360738,17984.28226,107429.1909,24599.18904,128593.7106,33790.75332,71066.15499,722306.5221,9532.246074,744592.3072,644979.9984,186649.8518,95516.28981,78818.11997,29063.93872,80720.33187,3690.686684,7750.030343,3595.974748,5533.531491,64473.55704,291371.5131,135330.6684,25062.08456,5209.914472,188498.5907,24483.38973,44463.90109,578.538793,29628.76867,92971.01546,17934.12818,11290.64189,116925.4426,228814.6755,162270.6649,22590.451854,18734.730319,13328.35513,68389.026205
"883152.WI",1506321.325,0,0,0,0,0,0,0,0,0,0,0,0,0,0,0,0,0,0,0,0,0,0,0,0,0,0,0,0,0,24147.12918,8478.030757,1093.330663,8146.29659,17289.58892,0,0,0,0,0,0,0,0,0,0,0,0,0,0,0,0,0,0,0,0,0,0,0,0,0,0,0,0,0,0,0,0,0,0,0,0,0,0
"883153.WI",0,0,0,0,0,0,0,0,0,0,0,0,0,0,0,0,0,0,0,0,0,0,0,0,0,0,0,0,0,0,9092.247801,3192.278301,411.6776469,3067.36866,6510.141461,0,0,0,0,0,0,0,0,0,0,0,0,0,0,0,0,0,0,0,0,0,0,0,0,0,0,0,0,0,0,0,0,0,0,0,0,0,0
"883154.WI",0,0,0,0,0,0,0,0,0,0,0,0,0,0,0,0,0,0,0,0,0,0,0,0,0,0,0,0,0,0,0,0,0,0,0,0,0,0,0,0,0,0,0,0,0,0,0,0,0,0,0,211493.7875,0,0,0,0,0,0,0,0,0,0,0,0,0,0,0,0,0,0,0,0,0
"883155.WI",8547235.266,1861198.587,300916.08567,215232.05821,205779.49359,173726.38219,344558.29748,139919.68476,189451.2993,125100.6121,199785.4629,107481.0887,211280.5425,525533.49259,940160.02945,153942.0478,46289.74906,272807.31509,900479.69606,669684.538516,366378.1481,695986.049,742504.82184,395613.36335,475249.9265,352629.26352,611078.25889,1199777.43474,83507.61822,60986.27434,0,0,0,0,0,580945.131,196308.7216,104483.4296,147483.2253,224805.60712,1947866.051,44917.62736,113387.9248,19784777.38,12336288.5,2437271.063,2792803.622,961629.2362,2333441.936,4136.338587,141238.2514,59583.67005,91374.73633,750209.7055,439443.4677,475004.1945,1056804.851,38753.91433,4891867.366,85675.57272,93748.07771,22919.38423,705455.8292,440354.4828,326833.4148,183523.5676,934892.6365,1123418.453,476090.128,318079.2252,336644.69165,145199.2295,98955.02097
"883158.WI",143513.6965,2889589.224,2474919.37918,861294.91397,320743.5828,398322.0864,312291.02724,231867.50626,328765.1571,76921.35559,278281.2439,67403.31803,162261.9492,745013.4093,2545843.95638,715992.9804,155959.7249,338703.0129,1662263.18911,3564621.035,958586.949,725389.0615,844379.28638,661614.07335,536387.1267,220231.03632,797789.12353,592131.37991,145511.2456,64650.84475,569824.802,82760.30259,569846.4511,104329.612,118852.3604,1506905.339,156101.2566,806770.0705,178407.0997,245211.05466,1161095.252,35804.59006,7766.638359,960919.9351,457203.6607,219613.5097,132681.2343,422397.0953,124960.6293,23238.71677,58307.60352,35037.88715,2314215.991,793377.2865,32762.18621,408779.8308,69502.6336,87966.31297,690355.6946,18938.49722,52684.20953,59011.14704,1478380.805,215806.8181,357206.6685,34348.68965,164213.322,599110.9655,169794.8212,134532.143571,132298.683993,34442.50739,54988.82386
"883159.WI",583178.681,8093302.276,8568310.254,3870136.4362,3122191.777,3073713.4343,3344804.1666,1830663.3272,3001573.174,1058269.318,2884528.228,1114398.214,1393448.873,2088184.9324,11765652.5038,2855134.806,788431.9406,5072863.188,12022410.8771,9307790.5274,3404297.761,5856057.077,7062348.1574,5618112.686,8407268.097,1807633.1514,7808163.8566,4980253.6626,733014.5719,473896.9969,1892501.747,335511.9069,1616965.616,673101.0951,660169.7467,2276503.785,451816.0156,1160177.635,698222.0858,1574945.5272,3260667.894,123548.4426,143740.4527,16261895.03,13352197.09,3092033.094,1785275.148,250916.2376,19460319.03,207749.533,334510.4995,76128.55131,3249565.196,2590231.499,581402.5052,2185246.727,487192.3895,569501.7156,2908364.555,79666.13572,207877.8834,191925.285,7436454.816,722443.217,1579506.755,130914.8968,901318.5254,1121413.617,1965201.877,547602.69208,469884.3073,115579.6144,672975.0662
"883160.WI",78944.24787,3133884.389,1563013.97737,417854.21066,159127.63222,461837.3347,441445.84997,220615.12278,173097.1239,93488.19584,226087.5636,49184.0699,196373.7948,654332.2773,1548888.72224,302532.8236,112933.3628,454216.0647,1337353.71288,2243482.7552,327966.3204,789746.764,1311072.22677,627982.16047,1454447.2341,368805.92972,983498.72661,927263.30391,62150.21445,49586.68116,270585.8385,37321.56116,365124.2871,179116.4237,98989.39759,471492.529,76835.42876,793762.5148,46394.91625,180236.30041,886633.8333,92275.25253,3633.137047,954875.4443,355590.3416,92251.81441,156891.6555,25877.07168,311913.4448,3458868.283,40652.84721,25089.30629,648373.8712,778791.8788,26523.79281,281529.5272,26233.38264,44612.46727,58553.26135,3505.180475,6081.57297,44959.48339,1041095.14,58537.6148,240400.819,29316.4306,196256.2987,57069.50234,110370.7537,25642.581799,32023.883665,14217.36129,79875.22599
"883161.WI",1147435.582,2200105.709,213830.304375,166333.45188,95169.94967,183777.91288,317699.95777,133549.27179,108268.9173,72619.03821,108153.4981,110756.4534,195833.973,79748.41247,589384.92234,800869.889,34793.51615,342943.28651,545173.19211,256493.94681,171741.99386,542961.4108,1115528.77972,848751.63993,1056987.8076,172978.71786,879718.10851,2621778.4392,296717.03,33106.29033,33863.71455,33323.07631,6937.193264,27361.22726,83130.22773,144430.8563,46083.75779,85744.28261,51392.13668,33872.33592,248614.5238,19320.43739,21728.10189,1268544.427,603836.9528,278197.4784,102658.0913,16294.69654,244713.6688,22029.69852,6909319.364,72136.88147,1860638.612,496997.891,72386.30233,96239.45076,219309.2602,761449.2776,2271554.264,122723.7915,182117.7354,169243.8263,4669374.232,564839.4883,1293292.908,62633.46991,108492.1619,3134601.866,362653.1163,147718.001797,625510.55967,190381.2261,54093.78502
"883162.WI",104318.5967,12550.45546,5896.1595969,2572.5160998,2681.6343043,1446.5556482,3046.7091791,2040.2549961,3743.852258,1251.772147,3612.186493,874.0900353,3199.096615,2464661.78774,597466.443025,3103.304777,25697.19294,11180.995023,97225.836739,58864.983851,39176.472039,59748.29065,75275.4526201,12329.201837,8920.980689,4885.775058,12703.0997393,14489.0355379,1848.043335,12687.76565,53643.00667,4787.544197,4663.54497,9939.461673,5662.635169,47561.5796,86599.64207,57666.4208,22196.71165,23491.626892,290322.72,601723.4274,2634.753921,26399.49534,50616.8268,3366.334558,4435.444683,22808.9788,1086090.411,63151.45081,66249.35595,106001.2173,66022.83392,6758.688813,40390.65522,56132.15139,2303.640816,1017.462065,13506.19737,862.9033513,1183.773621,10336.44699,101481.8604,2578.643377,29770.51322,516.1146892,26846.73623,38344.64817,14722.28802,2882.75656,5578.4999328,4423.666165,2245.7016218
"883163.WI",38627.73598,1830374.261,2088479.09856,557606.40502,455827.4748,682143.28587,765561.07936,331455.2177,595326.3497,265233.7331,440533.9801,154706.9462,279546.7246,555841.8246,1831460.12881,408063.0769,84894.06443,558453.2676,1650061.19579,1556961.8889,543361.6791,677399.0392,1057978.91651,748762.50413,3680757.552,272648.3702,1221764.50989,805291.97565,103870.0199,89361.74889,582037.2227,34247.04895,443243.1987,105853.0298,58878.93547,449286.7335,48869.97173,232621.9746,108810.0716,217435.93807,470498.1382,22117.40823,8030.263739,909963.3326,276763.9504,1564198.564,376844.9145,248351.4254,12682235.22,3641241.092,987776.8913,6492.731265,555741.5157,1039708.143,80317.10666,385868.1804,68367.96773,60259.29397,77492.42263,5015.150948,7964.465917,20489.35158,1105840.824,98350.09351,206742.3662,24068.25237,115691.0603,56601.84721,241064.5941,20060.898935,39164.827249,11201.65531,120134.16901
"883164.WI",154118.5187,5948725.135,1060461.05664,474124.60844,238387.41496,149594.49407,368065.560283,109087.20413,104002.7242,97847.79023,289420.1996,66191.54666,110477.4463,469019.14154,976084.71524,284838.9626,50795.32553,340623.4021,1255174.73225,780795.91908,327814.1077,835914.9067,523509.864995,357836.21977,757937.22464,81041.74989,891323.44758,430733.976935,47131.86337,21608.83942,943241.5799,67129.10852,25661.87941,251541.9546,16845.45371,149887.031,1065.005367,154787.496,33287.52976,42542.522549,20544.88716,4852.004947,10277.97627,1603.003681,6469.554922,160.1073341,14003.78023,1070416.501,13430272.16,3071584.763,254244.5935,30120.18817,258700.1311,1489580.932,2563.868154,3659.819,170222.4822,149884.934,53654.48119,10067.48771,29381.85553,102520.998,728473.9841,26163.26964,476757.5802,820.8136599,78324.34,41752.19122,17253.298,423407.6262,7919.0954614,7732.251284,31744.124777
"883165.WI",845979.5979,1483790.863,412199.193853,288922.53532,179877.66859,141303.936597,194830.53845,77190.18423,122572.8314,55227.28795,73028.57882,83656.01007,74458.72018,118436.06161,634419.88365,462892.9839,58421.83057,232429.11611,542101.42054,264157.09257,165455.49251,388642.5908,680770.80068,716963.56297,342148.4966,158309.81085,707545.23513,602607.14826,162870.7294,33117.99112,15183.92975,20018.77199,2356.076154,27648.88986,76282.32309,247004.8366,79803.50937,175048.9939,68171.91581,95535.3645,405792.6109,30290.25007,21486.3792,999229.8384,604460.6278,210329.3909,73990.01037,40978.85895,376048.3533,30927.23839,238135.4591,36991.16422,26545.24578,195081.7277,25668.96262,94290.91182,281086.5103,356031.3683,5703065.346,397731.6038,3078201.309,64015.45698,4011512.5,619733.3306,1056831.553,48255.45739,83661.64327,1420321.216,402785.1924,208879.0917,417431.5373,258401.4415,50508.00059
"883166.WI",1118980.52,2412122.506,926593.5135,627857.61222,404968.4731,372707.48113,508516.97668,221157.5248,324094.3667,219800.2661,305776.4168,321853.5535,222611.2929,221534.24576,1711345.78714,1711269.84,117867.3075,694212.8429,1916992.297,741156.23459,522327.9502,1337830.048,1781604.87358,1617683.683,1123994.8408,354116.65924,1743241.34774,1319234.52344,398942.2501,89787.15995,42834.75694,117450.2692,13234.89661,81063.98852,396608.9942,587772.5384,93877.18604,381524.176,188230.5516,229908.98487,437170.2024,68836.89682,76311.78218,3292573.623,892795.4677,415570.2003,178864.7247,67082.58011,5672197.645,93429.01346,592891.7301,17728.37126,98937.90808,598572.7541,62694.06724,236743.6179,611230.9606,398989.0199,8206264.21,551634.8717,2650785.247,69915.1439,9148894.747,1158216.695,2990426.885,87284.88317,244249.4212,2688695.395,648153.5783,311602.9349,659626.53803,85678.12393,134679.79368
"883167.WI",1719160.208,1859026.928,319038.244465,181902.6215,140607.83657,185430.37612,276113.64887,119759.63924,144607.3842,69905.4996,120402.8636,109709.3,135488.6759,71368.59724,689926.84465,360656.4263,36253.12246,254996.47502,632148.00594,248992.9358,191219.23615,511174.6493,846460.55124,581419.59016,341624.2952,93932.50605,680068.96899,989103.46424,142549.5389,24998.42116,137778.155,71408.58871,26680.69016,199730.8323,441412.3686,138373.2902,107127.8639,269112.2731,54241.54212,71981.23483,785487.3013,37151.20532,45410.29472,14876978,326318.4188,174082.5347,64466.05306,1162448.926,623501.3519,1962660.834,321102.3529,4333.311122,57961.74293,625807.253,772550.461,176726.3482,16295535.92,8522043.377,8807036.039,473659.5148,2100450.499,42967.80704,1095362.958,143458.0052,323523.2274,23961.57828,79708.16542,2970540.682,2643111.361,101041.37484,299897.48854,244789.1792,57074.29699
"883169.WI",36010.97359,379726.0115,96443.2440931,18912.870028,29079.16611,86760.370893,219469.406212,75766.80849,68886.91704,45758.59409,18628.03259,65321.06139,52059.33168,52504.5881993,64082.5786853,20254.21834,5622.126251,91430.47911,346975.83598,294459.018926,11886.4619,195344.1184,315937.062842,184464.14599,60475.825133,25143.474602,128370.839721,2672463.612898,38058.84754,14116.82027,157.8313106,501.8762906,84.49217248,14.28247813,1545.401816,97755.44256,2837.576932,33612.70659,48939.91683,93750.93009,705466.2802,7211.840794,101759.4277,100888.7633,4441.807383,4349.659745,4038.86162,6817.509888,8901.682559,64538.45608,155710.7125,277.9148098,3301.417156,12850.33872,15764.4448,6303.886568,867955.6738,5344051.936,4025987.891,163938.6779,187253.003,1232.527835,630359.414,83956.75411,12713.72401,4401.536464,329491.5351,128688.1562,55404.47264,211932.84019857,12356.5558057,1077.477582,17113.196342
"883170.WI",43169566.1,25852538.34,4927724.6493,1690453.1463,2156148.186,2805899.8329,2640787.2909,1072732.4861,2025267.236,845260.9709,3106673.032,1071016.933,1038702.472,4405290.149,13259574.2419,3496306.896,1412663.834,3971384.688,10857999.3157,19331812.3868,12032109.034,6180376.506,7333692.2734,6408747.4968,5861359.65,3138624.285,8285333.6109,16412727.0715,1329248.496,633070.7117,6847484.103,379891.9869,1650539.429,1346341.333,182162.0864,9934173.597,1814070.913,2023568.761,1586569.809,1806187.2647,22476498.83,1388665.758,1187572.674,22804216.73,11683169.85,416102.5992,945611.902,4273650.346,26861541.82,5593327.748,2081639.819,537496.9493,468000.4922,2403824.025,1773637.504,1321952.006,4277034.179,5047109.986,9412756.669,426583.1667,6811240.206,2140034.531,17340999.43,117178.1327,4613302.737,326010.9075,2865668.116,7852632.628,2764175.43,307441.50343,1013058.6637,153247.6669,677223.6467
"883171.WI",118802.7211,331560.8578,70406.832559,42560.928662,41832.6012,46845.467721,67642.600688,23582.76048,41976.56314,20616.46312,37878.96698,20071.97873,41660.38178,248100.152463,174329.08476,22720.29564,7677.058189,61334.64591,168496.753525,330423.28895,94765.09044,100837.0605,146990.401756,109733.05656,79231.77524,39302.613952,113972.603992,104423.06939,11437.20673,5941.880849,12739.03257,17391.94753,7621.224474,55086.56719,84329.03312,73826.31771,37886.55774,49372.38941,18049.31149,47366.16259,237971.2811,4811.570106,7252.569481,706048.2839,145467.2906,45871.40261,29968.00078,396340.6912,718637.6738,78214.15428,53341.07524,34933.02556,880499.71,88925.41293,17372.18299,21294.07101,67109.09066,62190.39433,7133468.081,606191.8205,6726725.54,85066.87367,912496.5805,26196.56868,34392.8938,6525.850588,53012.57545,15853.07286,16787.16525,9990.284405,15169.945209,17132.83508,14084.028258
"883172.WI",811924.157,2170534.278,234913.032327,111746.445446,109834.17503,122995.77732,177599.98255,61918.04878,110212.1563,54129.84499,99453.65504,52700.26634,109382.0019,126290.0325,457712.182845,59653.59208,20156.60821,161038.04313,442399.02336,342434.70253,248811.81732,264754.1638,385932.71874,288111.17157,208028.10294,103191.53138,299242.37501,274169.46,30029.11914,15600.78892,33447.14632,45663.6727,20010.01321,144633.312,221411.2801,595857.6438,99473.58506,129630.3721,47389.62389,174362.89507,624808.8475,12633.08563,19042.08591,1203549.381,381933.6927,120438.3069,78682.90635,1040617.882,1886829.262,205356.2739,640050.4111,91718.89706,2668989.439,233479.3699,45611.77964,55908.94794,376199.2178,163284.8654,904820.1471,7806.297762,4455174.462,523348.5278,2395818.244,68780.76971,690300.7465,17134.03889,139187.9138,41623.25863,44075.77807,26230.131865,39829.66321,44983.35636,36978.51868
"883175.WI",250823.9033,1977749.54,86279.532838,84410.062834,57148.64406,30236.710988,248230.745505,35163.03409,61617.85996,33574.45915,178990.1171,23649.76606,52765.80236,36747.43813,165410.605637,37399.24964,6392.576321,64219.85031,275236.958578,98642.8467183,91673.95651,188788.2807,268235.214763,135857.35165,190114.8753,48075.815613,152529.681821,247721.290698,38814.74822,6964.43026,50146.0073,4074.120523,7820.221895,10176.98704,10067.44855,246231.2618,77754.04973,45900.83215,11369.85352,75315.62357,205357.2124,10083.22234,9644.080634,2655937.669,1416254.456,165487.3025,314322.9442,100902.1566,159215.2063,270360.4418,586482.7415,19903.72321,207723.8384,158514.3491,35827.64015,142073.3449,704859.8832,191743.648,2795836.496,12642.54792,43822.75431,297886.8903,219188.2481,166731.1296,221591.0441,4416.024164,69922.03389,55947.10169,37532.19634,54397.17988,176581.197831,62697.16307,47909.585536
"883176.WI",16496161.09,62320696.81,3358907.10977,2543176.392,4245460.896,859209.45266,2364975.90296,964361.4934,915923.7818,588912.1356,1121692.472,580259.948,3028012.922,2207644.4202,6618857.8689,8508080.527,281467.0837,2856313.7993,4887925.7462,3646561.8421,1550282.2084,3400899.928,5906782.5428,4518578.0543,7235754.028,1287838.0247,7062988.7934,7905898.6886,527598.4942,165511.5669,31201.64712,35059.26266,6695.655769,78998.27088,73771.39465,4495164.315,711692.8145,1606974.06,900320.6795,1044203.6461,1590874.421,139980.3999,44824.61665,1835902.337,898367.2218,543723.2051,1543163.371,54164.23249,1808198.579,1228372.948,215921.7462,69771.28084,409989.7318,1741014.236,1043087.743,1195056.877,5129902.361,5406315.974,47248805.42,1782069.918,2309839.877,321026.892,18780043.04,1542676.988,2157830.58,42482.38831,825267.8869,1183586.908,169313.4397,233660.54944,773893.54324,85877.76135,360028.4005
"883177.WI",53825.82002,1497656.67,299029.55552,93424.648803,136588.55141,109889.321996,197011.574116,56436.9143,65449.77178,104675.6839,79930.20146,72581.73396,43179.43335,247153.28055,2020846.13071,826070.6212,41692.16464,547777.9239,442718.65069,2470720.50967,508065.1252,371724.4667,1642637.18176,1762461.3885,2533173.124,764582.8007,2489796.0761,6220317.27524,515735.5751,46881.9186,51800.59587,2004.736539,10191.70935,16864.3527,246248.723,632982.8675,963723.8776,15222.1646,47372.69893,38656.62257,427319.2718,8474.326369,7184.693381,1434832.678,0,0,0,113963.9203,38771.01391,45121.31313,3004.929793,43647.78767,7180.107625,0,1210.911454,1821.007761,107303.4214,2948042.536,257157.8019,15623.57473,76240.50239,843.4914601,146037.9952,673434.1244,98040.65983,11191.63069,19574.46664,1062093.641,91269.64436,539.1906324,89660.7792998,0,11096.29046
"883178.WI",2889.465903,1273649.784,332392.417123,160677.839862,262666.94875,119132.70505,250846.47951,98573.45222,355835.511,96510.10777,561072.3782,110765.0037,204490.1164,23291.234178,640403.86841,171682.127,11128.41766,323392.84553,687079.03702,1308884.004448,227729.54835,1227292.316,1497964.18338,859004.57756,455361.4546,578300.5423,886214.89032,1832690.47787,161149.0126,23569.30807,1489294.426,238133.1129,590070.6221,196852.5496,175698.5183,1185389.826,719204.7755,300745.9696,678081.6196,610468.4425,1362788.258,18127.37244,28072.8328,14363748.41,23457683.5,9689645.575,920825.7328,99482.22824,248683.1239,123602.7186,20892.08664,11254.0124,1200.648753,583.0750005,4131.18168,0,273.5526444,7540.223251,631429.7101,1473.455627,115.0595067,372.8562105,2362.859633,1856691.699,21185589.59,81.76207151,15151.69703,2119.811586,871.3438882,336.09276503,140.97410009,1989.94171,42316.05109
"883180.WI",85390.5048,230872.2777,57412.344576,39419.426763,54943.89437,556322.93883,54783.765984,21090.600458,18529.72281,20474.51234,48681.7921,23267.26392,6475.218965,165150.69066,315040.808843,48984.02101,43364.87712,48781.15039,199792.199772,331074.792704,105178.38497,67842.85882,146442.713786,61196.419733,134791.2894,77682.69987,125046.58656,117464.910707,8569.597883,27177.96276,12865.1047,1256.527212,1254.396942,1261.731397,11002.2174,80066.15985,12050.20932,46261.1355,67226.34607,50076.36189,79101.89586,3798.381083,18732.76461,97899.78257,0,0,0,117936.1715,31611.58318,31232.27087,38955.66737,20155.30991,7025.079108,4267.807949,12269.76924,42760.40639,65476.03513,3946.798852,88784.01041,4891.852108,3095.286905,1886.420494,206217.8818,14610.46153,21453.66986,121129.1278,97859.49544,97447.86542,74879.46226,8251.755183,31504.652287,28708.72779,8760.891042
"883181.WI",34853.089,153957.967,17655.0875761,6539.264313,5496.873166,8635.7652363,10313.6708799,3678.374784,4935.94895,2907.053915,4871.942547,5215.390467,3590.723663,4125.9375809,20416.462183,12354.36149,1771.846066,12845.436709,28352.520835,12791.7919,8647.601301,21876.22269,27229.3245863,22132.904603,13593.575434,5990.995675,24164.0428449,18967.6751,5926.811306,1590.40582,0,0,0,0,0,10844.17913,1537.946087,6199.22115,3374.199904,3347.4353954,4451.283833,1342.350458,1548.391011,56700.13123,17007.53524,8331.416968,3154.815555,1197.277829,10399.3601,2062.659887,1324.996701,316.2732329,1721.490694,13982.74372,1214.075014,7639.430372,53952.40896,6686.360467,531382.9485,4054.265926,20464.1955,801.2935074,1053347.741,5749.641273,14320.27145,1199.567303,256591.9807,8799.048697,15345.48715,3307.4699791,31749.7434314,1405.032524,2365.225646
"883182.WI",144628.671,434454.2914,44699.0470955,37067.446683,27250.12573,22139.581881,50000.373414,20585.986003,22138.58981,17214.54746,26071.24263,22835.69455,19771.26133,33790.544678,113980.508387,67347.40826,9459.696317,43923.064065,130380.079078,49840.62198,35802.641231,108120.6476,134831.184704,107825.450466,106447.26228,35206.381514,92511.951955,102702.968016,24357.02615,11213.38421,20586.17016,8267.487098,5149.079291,22352.85076,57659.90661,162690.1867,16371.9597,44763.66501,15318.1767,17546.110091,50277.03673,7665.403485,13871.6314,438847.8079,116643.7039,49543.30334,19334.90169,109646.9,157397.1315,12361.25569,32877.4844,1004.121303,6582.330613,34652.82643,25167.01136,51326.45751,130811.776,52149.40318,2817940.502,31065.50928,132594.8359,3866.01898,140562.2785,208275.3435,127571.6131,21783.48954,80350.1773,2990634.964,476274.0887,34937.89633,45196.987604,33598.81472,15505.726764
"883183.WI",870.0704199,150410.2374,26828.7670654,3843.6129661,5061.04331,10812.5931558,11022.924758,35965.99801,19258.88736,3611.158623,32051.32078,1142.562013,7868.844955,219564.59152,41532.7857124,30300.84662,2971.32298,5243.099638,105567.0618472,120345.242403,44019.42712,109605.1435,178245.101013,108335.21817,107222.1665,45402.774363,116507.642099,53888.2366686,17644.24897,2083.588259,1851.899973,2935.83469,40103.88972,1218.660411,20146.04053,67825.88171,6809.905312,25643.07854,6968.385166,22092.22868,108740.1252,9119.159318,453.2935961,246411.9656,0,0,0,0,88316.00136,5122.258061,1080.709974,47998.74232,542.7375579,2986.089912,4387.851781,7251.792149,530.9372117,322.3722245,127015.8303,4573.21066,31715.21245,62.81131909,2182.712872,5775.598751,8924.396665,942.9427318,5687.009945,72199.32018,945954.3418,34363.515971,17081.9861335,4974.168098,2541.281108
"883185.WI",218988.4619,94287.45541,115725.9315307,30503.4972203,16558.301857,33479.790894,30431.197057,28127.242633,29211.47868,13474.81506,16513.07909,33038.52609,17390.56488,9898.150454,95595.664399,112777.7265,2971.930594,62687.920145,121862.446787,60427.81585,27490.80697,95757.27106,168145.339783,57129.687489,33979.02125,16907.089285,122969.883844,55181.268154,16496.24736,4749.175811,1010.757306,1178.173852,101.8365396,673.9165558,1598.042942,84562.96008,15614.29852,116704.038,18413.69803,19206.803676,215904.4615,4521.700475,14575.25569,177066.1472,217230.6554,182898.3838,39645.91545,51078.54734,350816.3636,6598.027896,12844.2975,2087.870461,3070.974476,87750.52808,17542.77668,65812.91617,472371.5816,6256.668664,389495.7805,36543.71402,38805.55959,353.5632876,201687.7869,112177.2355,101655.5447,8921.246384,56049.86673,658787.4656,223016.8741,140437.451861,36637.341884,51698.82293,19518.577842
"883186.WI",578177.4262,540667.13,185859.394679,134965.124759,68738.011198,121693.948306,258999.587033,74031.02733,93928.71368,58880.82117,61518.56696,96812.864,66473.52385,94258.539284,393159.579823,232555.7254,21868.870741,268268.029387,557423.813368,335693.696329,228755.28162,309041.6102,577120.082391,348070.88022,265201.3343,89486.587047,472925.775108,522766.24901,63380.358435,31839.62564,1136.0680659,2064.4272812,629.4359302,599.50369726,6440.8592188,148424.00328,43783.83136,70871.43616,40235.126391,43742.719675,556109.09595,38459.41339,49229.6641,687418.3985,155903.1121,76371.6678,28919.27216,58623.24848,117760.52089,32753.32166,73976.89591,4207.505952,39327.71111,135686.364122,131582.50683,295910.3059,314575.4057,72379.96336,5001689.7497,49324.50815,957180.3169,26737.781584,349230.75497,59529.096111,160316.740758,19658.8316923,78936.25014,208361.73894,133643.64804,124835.407279,1194361.124212,25186.17326,21681.333085
"883187.WI",21784.57035,30774.21669,6358.235101,2343.5228979,2684.5858023,3545.6339593,6465.1461269,2054.618077,2848.364149,1787.757454,3582.319763,1957.64012,1121.9749,5197.940656,13068.3268539,3211.748052,1270.696784,5913.855034,12815.2498153,16795.575434,6640.769933,7945.355022,13373.4161375,6813.4765315,9029.734799,3931.0991868,9426.713121,12329.0942172,1546.155161,2673.456433,5434.070951,3232.958358,1888.424186,6986.862498,3411.82519,9130.095232,12016.66492,2624.739342,2109.059643,2628.34199,17336.96803,352.2941485,898.422869,31468.92974,0,0,0,4632.235394,8994.798208,7979.911494,1183.711667,410.244295,2102.985227,428.0194954,1670.777984,5166.605628,9818.423381,1708.979075,13939.87981,5285.02223,1997.267536,203.7915854,7094.962361,739.6878419,3867.391372,206.449753,1118.369131,12753.10554,4861.349525,1333.1643477,1506.2379955,1227254.043,0
"883189.WI",75647.18617,29452.11793,261941.94719551,71933.45761205,42607.915032,178695.375936,80630.3684584,90531.0328974,94556.34856,44458.855833,6966821.95155,24849.978181,86659.98221,206468.300075,1128546.09966317,87421.7746434,268572.79832,943955.50658,3026477.02754,25679368.52364,21788798.42775,4317803.2505,1089486.408062,400935.8474,420199.47068,293607.629657,297263.88095969,319344.87017816,62687.69422,25308.567212,1046.9466701,339.747896287,174.09856157,101793.6795091,101807.839866,187351.02813,178896.174682,68541.461221,93256.56818577,167159.53029151,1295030.397,31330.98609,29327.56581,120431.4868,113721.3688,11455.50413,1588.639358,82937.45047,78961.7638,1151.582525,56323.3758,418219.0032,809.7156103,254351.5342,5856.79486,7074.31152,114061.423,1969.206768,23201.65622,36.49576861,14.41179671,61.00883899,21657.71063,1221.969447,44927.09122,6183.209788,36151.61916,38529.82436,34703.42534,1629.0245325,11723.4291703,2208.223264,1979577.50121
